/*
Navicat MySQL Data Transfer

Source Server         : localhost1
Source Server Version : 50717
Source Host           : localhost:3306
Source Database       : admin

Target Server Type    : MYSQL
Target Server Version : 50717
File Encoding         : 65001

Date: 2019-11-14 01:08:11
*/

SET FOREIGN_KEY_CHECKS=0;

-- ----------------------------
-- Table structure for data_record
-- ----------------------------
DROP TABLE IF EXISTS `data_record`;
CREATE TABLE `data_record` (
  `id` int(11) NOT NULL AUTO_INCREMENT,
  `firm_id` int(11) NOT NULL COMMENT '厂商id',
  `tag_time` varchar(50) NOT NULL COMMENT '时间戳',
  `category_id` varchar(255) NOT NULL COMMENT '种类id',
  `classify_id` varchar(255) NOT NULL COMMENT '分类id',
  `product_volume` float(20,5) NOT NULL COMMENT '产量/消耗量/数值',
  `data_source` varchar(255) DEFAULT NULL COMMENT '数据来源',
  `remark` varchar(255) DEFAULT NULL COMMENT '备注',
  `data_year` varchar(255) DEFAULT NULL,
  `data_type` int(11) NOT NULL DEFAULT '0' COMMENT '数据类型',
  `applicant_time` datetime NOT NULL DEFAULT CURRENT_TIMESTAMP COMMENT '申请时间',
  PRIMARY KEY (`id`)
) ENGINE=InnoDB AUTO_INCREMENT=3010 DEFAULT CHARSET=utf8;

-- ----------------------------
-- Records of data_record
-- ----------------------------
INSERT INTO `data_record` VALUES ('1585', '30', '2019-03-09 15:27:00', '22', '7', '0.00000', null, '', '2018', '0', '2019-03-09 15:27:00');
INSERT INTO `data_record` VALUES ('1586', '30', '2019-03-09 15:27:00', '23', '7', '0.00000', null, '', '2018', '0', '2019-03-09 15:27:00');
INSERT INTO `data_record` VALUES ('1587', '30', '2019-03-09 15:27:00', '24', '7', '0.00000', null, '', '2018', '0', '2019-03-09 15:27:00');
INSERT INTO `data_record` VALUES ('1588', '30', '2019-03-09 15:27:00', '25', '7', '0.00000', null, '', '2018', '0', '2019-03-09 15:27:00');
INSERT INTO `data_record` VALUES ('1589', '30', '2019-03-09 15:27:00', '26', '7', '0.00000', null, '', '2018', '0', '2019-03-09 15:27:00');
INSERT INTO `data_record` VALUES ('1590', '30', '2019-03-09 15:27:00', '27', '7', '0.00000', null, '', '2018', '0', '2019-03-09 15:27:00');
INSERT INTO `data_record` VALUES ('1591', '30', '2019-03-09 15:27:00', '28', '7', '0.00000', null, '', '2018', '0', '2019-03-09 15:27:00');
INSERT INTO `data_record` VALUES ('1592', '30', '2019-03-09 15:27:00', '29', '7', '0.00000', null, '', '2018', '0', '2019-03-09 15:27:00');
INSERT INTO `data_record` VALUES ('1593', '30', '2019-03-09 15:27:00', '311', '13', '0.00000', null, '', '2018', '0', '2019-03-09 15:27:00');
INSERT INTO `data_record` VALUES ('1594', '30', '2019-03-09 15:27:00', '312', '13', '0.00000', null, '', '2018', '0', '2019-03-09 15:27:00');
INSERT INTO `data_record` VALUES ('1595', '30', '2019-03-09 15:27:00', '313', '13', '0.00000', null, '', '2018', '0', '2019-03-09 15:27:00');
INSERT INTO `data_record` VALUES ('1596', '30', '2019-03-09 15:27:00', '314', '13', '0.00000', null, '', '2018', '0', '2019-03-09 15:27:00');
INSERT INTO `data_record` VALUES ('1597', '30', '2019-03-09 15:27:00', '11', '6', '0.00000', null, '', '2018', '0', '2019-03-09 15:27:00');
INSERT INTO `data_record` VALUES ('1598', '30', '2019-03-09 15:27:00', '12', '6', '0.00000', null, '', '2018', '0', '2019-03-09 15:27:00');
INSERT INTO `data_record` VALUES ('1599', '30', '2019-03-09 15:27:00', '13', '6', '0.00000', null, '', '2018', '0', '2019-03-09 15:27:00');
INSERT INTO `data_record` VALUES ('1600', '30', '2019-03-09 15:27:00', '35', '7', '0.00000', null, '', '2018', '0', '2019-03-09 15:27:00');
INSERT INTO `data_record` VALUES ('1601', '30', '2019-03-09 15:27:00', '14', '6', '0.00000', null, '', '2018', '0', '2019-03-09 15:27:00');
INSERT INTO `data_record` VALUES ('1602', '30', '2019-03-09 15:27:00', '15', '6', '0.00000', null, '', '2018', '0', '2019-03-09 15:27:00');
INSERT INTO `data_record` VALUES ('1603', '30', '2019-03-09 15:27:00', '16', '6', '0.00000', null, '', '2018', '0', '2019-03-09 15:27:00');
INSERT INTO `data_record` VALUES ('1604', '30', '2019-03-09 15:27:00', '18', '6', '0.00000', null, '', '2018', '0', '2019-03-09 15:27:00');
INSERT INTO `data_record` VALUES ('1605', '30', '2019-03-09 15:27:00', '19', '6', '0.00000', null, '', '2018', '0', '2019-03-09 15:27:00');
INSERT INTO `data_record` VALUES ('1606', '30', '2019-03-09 15:27:00', '1', '1', '0.00000', null, '', '2018', '0', '2019-03-09 15:27:00');
INSERT INTO `data_record` VALUES ('1607', '30', '2019-03-09 15:27:00', '7', '4', '0.00000', null, '', '2018', '0', '2019-03-09 15:27:00');
INSERT INTO `data_record` VALUES ('1608', '30', '2019-03-09 15:27:00', '40', '7', '0.00000', null, '', '2018', '0', '2019-03-09 15:27:00');
INSERT INTO `data_record` VALUES ('1609', '30', '2019-03-09 15:27:00', '41', '7', '0.00000', null, '', '2018', '0', '2019-03-09 15:27:00');
INSERT INTO `data_record` VALUES ('1610', '30', '2019-03-09 15:27:00', '42', '8', '0.00000', null, '', '2018', '0', '2019-03-09 15:27:00');
INSERT INTO `data_record` VALUES ('1611', '30', '2019-03-09 15:27:00', '21', '7', '0.00000', null, '', '2018', '0', '2019-03-09 15:27:00');
INSERT INTO `data_record` VALUES ('1612', '30', '2019-03-09 15:27:00', '43', '8', '0.00000', null, '', '2018', '0', '2019-03-09 15:27:00');
INSERT INTO `data_record` VALUES ('1613', '30', '2019-03-09 15:27:56', '22', '7', '0.00000', null, '', '2018', '0', '2019-03-09 15:27:56');
INSERT INTO `data_record` VALUES ('1614', '30', '2019-03-09 15:27:56', '23', '7', '0.00000', null, '', '2018', '0', '2019-03-09 15:27:56');
INSERT INTO `data_record` VALUES ('1615', '30', '2019-03-09 15:27:56', '24', '7', '0.00000', null, '', '2018', '0', '2019-03-09 15:27:56');
INSERT INTO `data_record` VALUES ('1616', '30', '2019-03-09 15:27:56', '25', '7', '0.00000', null, '', '2018', '0', '2019-03-09 15:27:56');
INSERT INTO `data_record` VALUES ('1617', '30', '2019-03-09 15:27:56', '26', '7', '0.00000', null, '', '2018', '0', '2019-03-09 15:27:56');
INSERT INTO `data_record` VALUES ('1618', '30', '2019-03-09 15:27:56', '27', '7', '0.00000', null, '', '2018', '0', '2019-03-09 15:27:56');
INSERT INTO `data_record` VALUES ('1619', '30', '2019-03-09 15:27:56', '28', '7', '0.00000', null, '', '2018', '0', '2019-03-09 15:27:56');
INSERT INTO `data_record` VALUES ('1620', '30', '2019-03-09 15:27:56', '29', '7', '0.00000', null, '', '2018', '0', '2019-03-09 15:27:56');
INSERT INTO `data_record` VALUES ('1621', '30', '2019-03-09 15:27:56', '311', '13', '0.00000', null, '', '2018', '0', '2019-03-09 15:27:56');
INSERT INTO `data_record` VALUES ('1622', '30', '2019-03-09 15:27:56', '312', '13', '0.00000', null, '', '2018', '0', '2019-03-09 15:27:56');
INSERT INTO `data_record` VALUES ('1623', '30', '2019-03-09 15:27:56', '313', '13', '0.00000', null, '', '2018', '0', '2019-03-09 15:27:56');
INSERT INTO `data_record` VALUES ('1624', '30', '2019-03-09 15:27:56', '314', '13', '0.00000', null, '', '2018', '0', '2019-03-09 15:27:56');
INSERT INTO `data_record` VALUES ('1625', '30', '2019-03-09 15:27:56', '11', '6', '0.00000', null, '', '2018', '0', '2019-03-09 15:27:56');
INSERT INTO `data_record` VALUES ('1626', '30', '2019-03-09 15:27:56', '12', '6', '0.00000', null, '', '2018', '0', '2019-03-09 15:27:56');
INSERT INTO `data_record` VALUES ('1627', '30', '2019-03-09 15:27:56', '13', '6', '0.00000', null, '', '2018', '0', '2019-03-09 15:27:56');
INSERT INTO `data_record` VALUES ('1628', '30', '2019-03-09 15:27:56', '35', '7', '0.00000', null, '', '2018', '0', '2019-03-09 15:27:56');
INSERT INTO `data_record` VALUES ('1629', '30', '2019-03-09 15:27:56', '14', '6', '0.00000', null, '', '2018', '0', '2019-03-09 15:27:56');
INSERT INTO `data_record` VALUES ('1630', '30', '2019-03-09 15:27:56', '15', '6', '0.00000', null, '', '2018', '0', '2019-03-09 15:27:56');
INSERT INTO `data_record` VALUES ('1631', '30', '2019-03-09 15:27:56', '16', '6', '0.00000', null, '', '2018', '0', '2019-03-09 15:27:56');
INSERT INTO `data_record` VALUES ('1632', '30', '2019-03-09 15:27:56', '18', '6', '0.00000', null, '', '2018', '0', '2019-03-09 15:27:56');
INSERT INTO `data_record` VALUES ('1633', '30', '2019-03-09 15:27:56', '19', '6', '0.00000', null, '', '2018', '0', '2019-03-09 15:27:56');
INSERT INTO `data_record` VALUES ('1634', '30', '2019-03-09 15:27:56', '1', '1', '0.00000', null, '', '2018', '0', '2019-03-09 15:27:56');
INSERT INTO `data_record` VALUES ('1635', '30', '2019-03-09 15:27:56', '7', '4', '0.00000', null, '', '2018', '0', '2019-03-09 15:27:56');
INSERT INTO `data_record` VALUES ('1636', '30', '2019-03-09 15:27:56', '40', '7', '0.00000', null, '', '2018', '0', '2019-03-09 15:27:56');
INSERT INTO `data_record` VALUES ('1637', '30', '2019-03-09 15:27:56', '41', '7', '0.00000', null, '', '2018', '0', '2019-03-09 15:27:56');
INSERT INTO `data_record` VALUES ('1638', '30', '2019-03-09 15:27:56', '42', '8', '0.00000', null, '', '2018', '0', '2019-03-09 15:27:56');
INSERT INTO `data_record` VALUES ('1639', '30', '2019-03-09 15:27:56', '21', '7', '0.00000', null, '', '2018', '0', '2019-03-09 15:27:56');
INSERT INTO `data_record` VALUES ('1640', '30', '2019-03-09 15:27:56', '43', '8', '0.00000', null, '', '2018', '0', '2019-03-09 15:27:56');
INSERT INTO `data_record` VALUES ('1641', '30', '2019-03-09 15:30:56', '22', '7', '0.00000', null, '', '2018', '0', '2019-03-09 15:30:56');
INSERT INTO `data_record` VALUES ('1642', '30', '2019-03-09 15:30:56', '23', '7', '0.00000', null, '', '2018', '0', '2019-03-09 15:30:56');
INSERT INTO `data_record` VALUES ('1643', '30', '2019-03-09 15:30:56', '24', '7', '0.00000', null, '', '2018', '0', '2019-03-09 15:30:56');
INSERT INTO `data_record` VALUES ('1644', '30', '2019-03-09 15:30:56', '25', '7', '0.00000', null, '', '2018', '0', '2019-03-09 15:30:56');
INSERT INTO `data_record` VALUES ('1645', '30', '2019-03-09 15:30:56', '26', '7', '0.00000', null, '', '2018', '0', '2019-03-09 15:30:56');
INSERT INTO `data_record` VALUES ('1646', '30', '2019-03-09 15:30:56', '27', '7', '0.00000', null, '', '2018', '0', '2019-03-09 15:30:56');
INSERT INTO `data_record` VALUES ('1647', '30', '2019-03-09 15:30:56', '28', '7', '0.00000', null, '', '2018', '0', '2019-03-09 15:30:56');
INSERT INTO `data_record` VALUES ('1648', '30', '2019-03-09 15:30:56', '29', '7', '0.00000', null, '', '2018', '0', '2019-03-09 15:30:56');
INSERT INTO `data_record` VALUES ('1649', '30', '2019-03-09 15:30:56', '311', '13', '0.00000', null, '', '2018', '0', '2019-03-09 15:30:56');
INSERT INTO `data_record` VALUES ('1650', '30', '2019-03-09 15:30:56', '312', '13', '0.00000', null, '', '2018', '0', '2019-03-09 15:30:56');
INSERT INTO `data_record` VALUES ('1651', '30', '2019-03-09 15:30:56', '313', '13', '0.00000', null, '', '2018', '0', '2019-03-09 15:30:56');
INSERT INTO `data_record` VALUES ('1652', '30', '2019-03-09 15:30:56', '314', '13', '0.00000', null, '', '2018', '0', '2019-03-09 15:30:56');
INSERT INTO `data_record` VALUES ('1653', '30', '2019-03-09 15:30:56', '11', '6', '0.00000', null, '', '2018', '0', '2019-03-09 15:30:56');
INSERT INTO `data_record` VALUES ('1654', '30', '2019-03-09 15:30:56', '12', '6', '0.00000', null, '', '2018', '0', '2019-03-09 15:30:56');
INSERT INTO `data_record` VALUES ('1655', '30', '2019-03-09 15:30:56', '13', '6', '0.00000', null, '', '2018', '0', '2019-03-09 15:30:56');
INSERT INTO `data_record` VALUES ('1656', '30', '2019-03-09 15:30:56', '35', '7', '0.00000', null, '', '2018', '0', '2019-03-09 15:30:56');
INSERT INTO `data_record` VALUES ('1657', '30', '2019-03-09 15:30:56', '14', '6', '0.00000', null, '', '2018', '0', '2019-03-09 15:30:56');
INSERT INTO `data_record` VALUES ('1658', '30', '2019-03-09 15:30:56', '15', '6', '0.00000', null, '', '2018', '0', '2019-03-09 15:30:56');
INSERT INTO `data_record` VALUES ('1659', '30', '2019-03-09 15:30:56', '16', '6', '0.00000', null, '', '2018', '0', '2019-03-09 15:30:56');
INSERT INTO `data_record` VALUES ('1660', '30', '2019-03-09 15:30:56', '18', '6', '0.00000', null, '', '2018', '0', '2019-03-09 15:30:56');
INSERT INTO `data_record` VALUES ('1661', '30', '2019-03-09 15:30:56', '19', '6', '0.00000', null, '', '2018', '0', '2019-03-09 15:30:56');
INSERT INTO `data_record` VALUES ('1662', '30', '2019-03-09 15:30:56', '1', '1', '0.00000', null, '', '2018', '0', '2019-03-09 15:30:56');
INSERT INTO `data_record` VALUES ('1663', '30', '2019-03-09 15:30:56', '7', '4', '0.00000', null, '', '2018', '0', '2019-03-09 15:30:56');
INSERT INTO `data_record` VALUES ('1664', '30', '2019-03-09 15:30:56', '40', '7', '0.00000', null, '', '2018', '0', '2019-03-09 15:30:56');
INSERT INTO `data_record` VALUES ('1665', '30', '2019-03-09 15:30:56', '41', '7', '0.00000', null, '', '2018', '0', '2019-03-09 15:30:56');
INSERT INTO `data_record` VALUES ('1666', '30', '2019-03-09 15:30:56', '42', '8', '0.00000', null, '', '2018', '0', '2019-03-09 15:30:56');
INSERT INTO `data_record` VALUES ('1667', '30', '2019-03-09 15:30:56', '21', '7', '0.00000', null, '', '2018', '0', '2019-03-09 15:30:56');
INSERT INTO `data_record` VALUES ('1668', '30', '2019-03-09 15:30:56', '43', '8', '0.00000', null, '', '2018', '0', '2019-03-09 15:30:56');
INSERT INTO `data_record` VALUES ('1669', '30', '2019-03-11 20:37:01', '22', '7', '0.00000', null, '', '2018', '0', '2019-03-11 20:37:02');
INSERT INTO `data_record` VALUES ('1670', '30', '2019-03-11 20:37:01', '23', '7', '0.00000', null, '', '2018', '0', '2019-03-11 20:37:02');
INSERT INTO `data_record` VALUES ('1671', '30', '2019-03-11 20:37:01', '24', '7', '0.00000', null, '', '2018', '0', '2019-03-11 20:37:02');
INSERT INTO `data_record` VALUES ('1672', '30', '2019-03-11 20:37:01', '25', '7', '0.00000', null, '', '2018', '0', '2019-03-11 20:37:02');
INSERT INTO `data_record` VALUES ('1673', '30', '2019-03-11 20:37:01', '26', '7', '0.00000', null, '', '2018', '0', '2019-03-11 20:37:02');
INSERT INTO `data_record` VALUES ('1674', '30', '2019-03-11 20:37:01', '27', '7', '0.00000', null, '', '2018', '0', '2019-03-11 20:37:02');
INSERT INTO `data_record` VALUES ('1675', '30', '2019-03-11 20:37:01', '28', '7', '0.00000', null, '', '2018', '0', '2019-03-11 20:37:02');
INSERT INTO `data_record` VALUES ('1676', '30', '2019-03-11 20:37:01', '29', '7', '0.00000', null, '', '2018', '0', '2019-03-11 20:37:02');
INSERT INTO `data_record` VALUES ('1677', '30', '2019-03-11 20:37:01', '311', '13', '0.00000', null, '', '2018', '0', '2019-03-11 20:37:02');
INSERT INTO `data_record` VALUES ('1678', '30', '2019-03-11 20:37:01', '312', '13', '0.00000', null, '', '2018', '0', '2019-03-11 20:37:02');
INSERT INTO `data_record` VALUES ('1679', '30', '2019-03-11 20:37:01', '313', '13', '0.00000', null, '', '2018', '0', '2019-03-11 20:37:02');
INSERT INTO `data_record` VALUES ('1680', '30', '2019-03-11 20:37:01', '314', '13', '0.00000', null, '', '2018', '0', '2019-03-11 20:37:02');
INSERT INTO `data_record` VALUES ('1681', '30', '2019-03-11 20:37:01', '11', '6', '0.00000', null, '', '2018', '0', '2019-03-11 20:37:02');
INSERT INTO `data_record` VALUES ('1682', '30', '2019-03-11 20:37:01', '12', '6', '0.00000', null, '', '2018', '0', '2019-03-11 20:37:02');
INSERT INTO `data_record` VALUES ('1683', '30', '2019-03-11 20:37:01', '13', '6', '0.00000', null, '', '2018', '0', '2019-03-11 20:37:02');
INSERT INTO `data_record` VALUES ('1684', '30', '2019-03-11 20:37:01', '35', '7', '0.00000', null, '', '2018', '0', '2019-03-11 20:37:02');
INSERT INTO `data_record` VALUES ('1685', '30', '2019-03-11 20:37:01', '14', '6', '0.00000', null, '', '2018', '0', '2019-03-11 20:37:02');
INSERT INTO `data_record` VALUES ('1686', '30', '2019-03-11 20:37:01', '15', '6', '0.00000', null, '', '2018', '0', '2019-03-11 20:37:02');
INSERT INTO `data_record` VALUES ('1687', '30', '2019-03-11 20:37:01', '16', '6', '0.00000', null, '', '2018', '0', '2019-03-11 20:37:02');
INSERT INTO `data_record` VALUES ('1688', '30', '2019-03-11 20:37:01', '18', '6', '0.00000', null, '', '2018', '0', '2019-03-11 20:37:02');
INSERT INTO `data_record` VALUES ('1689', '30', '2019-03-11 20:37:01', '19', '6', '0.00000', null, '', '2018', '0', '2019-03-11 20:37:02');
INSERT INTO `data_record` VALUES ('1690', '30', '2019-03-11 20:37:01', '1', '1', '0.00000', null, '', '2018', '0', '2019-03-11 20:37:02');
INSERT INTO `data_record` VALUES ('1691', '30', '2019-03-11 20:37:01', '7', '4', '0.00000', null, '', '2018', '0', '2019-03-11 20:37:02');
INSERT INTO `data_record` VALUES ('1692', '30', '2019-03-11 20:37:01', '40', '7', '0.00000', null, '', '2018', '0', '2019-03-11 20:37:02');
INSERT INTO `data_record` VALUES ('1693', '30', '2019-03-11 20:37:01', '41', '7', '0.00000', null, '', '2018', '0', '2019-03-11 20:37:02');
INSERT INTO `data_record` VALUES ('1694', '30', '2019-03-11 20:37:01', '42', '8', '0.00000', null, '', '2018', '0', '2019-03-11 20:37:02');
INSERT INTO `data_record` VALUES ('1695', '30', '2019-03-11 20:37:01', '21', '7', '0.00000', null, '', '2018', '0', '2019-03-11 20:37:02');
INSERT INTO `data_record` VALUES ('1696', '30', '2019-03-11 20:37:01', '43', '8', '0.00000', null, '', '2018', '0', '2019-03-11 20:37:02');
INSERT INTO `data_record` VALUES ('1718', '26', '2019-04-14 23:07:05', '77', '6', '0.00000', null, '', '2018', '0', '2019-04-14 23:07:05');
INSERT INTO `data_record` VALUES ('1719', '26', '2019-04-14 23:07:05', '78', '6', '0.00000', null, '', '2018', '0', '2019-04-14 23:07:05');
INSERT INTO `data_record` VALUES ('1720', '26', '2019-04-14 23:07:05', '79', '6', '34.00000', null, '', '2018', '0', '2019-04-14 23:07:05');
INSERT INTO `data_record` VALUES ('1721', '26', '2019-04-14 23:07:05', '277', '7', '0.00000', null, '', '2018', '0', '2019-04-14 23:07:05');
INSERT INTO `data_record` VALUES ('1722', '26', '2019-04-14 23:07:05', '311', '13', '0.00000', null, '', '2018', '0', '2019-04-14 23:07:05');
INSERT INTO `data_record` VALUES ('1723', '26', '2019-04-14 23:07:05', '278', '7', '0.00000', null, '', '2018', '0', '2019-04-14 23:07:05');
INSERT INTO `data_record` VALUES ('1724', '26', '2019-04-14 23:07:05', '312', '13', '0.00000', null, '', '2018', '0', '2019-04-14 23:07:05');
INSERT INTO `data_record` VALUES ('1725', '26', '2019-04-14 23:07:05', '279', '7', '0.00000', null, '', '2018', '0', '2019-04-14 23:07:05');
INSERT INTO `data_record` VALUES ('1726', '26', '2019-04-14 23:07:05', '313', '13', '0.00000', null, '', '2018', '0', '2019-04-14 23:07:05');
INSERT INTO `data_record` VALUES ('1727', '26', '2019-04-14 23:07:05', '314', '13', '0.00000', null, '', '2018', '0', '2019-04-14 23:07:05');
INSERT INTO `data_record` VALUES ('1728', '26', '2019-04-14 23:07:05', '80', '7', '23.00000', null, '', '2018', '0', '2019-04-14 23:07:05');
INSERT INTO `data_record` VALUES ('1729', '26', '2019-04-14 23:07:05', '70', '1', '0.00000', null, '', '2018', '0', '2019-04-14 23:07:05');
INSERT INTO `data_record` VALUES ('1730', '26', '2019-04-14 23:07:05', '81', '7', '1323.00000', null, '', '2018', '0', '2019-04-14 23:07:05');
INSERT INTO `data_record` VALUES ('1731', '26', '2019-04-14 23:07:05', '71', '2', '23.00000', null, null, '2018', '0', '2019-04-14 23:07:05');
INSERT INTO `data_record` VALUES ('1732', '26', '2019-04-14 23:07:05', '82', '7', '0.00000', null, '', '2018', '0', '2019-04-14 23:07:05');
INSERT INTO `data_record` VALUES ('1733', '26', '2019-04-14 23:07:05', '72', '4', '0.00000', null, '', '2018', '0', '2019-04-14 23:07:05');
INSERT INTO `data_record` VALUES ('1734', '26', '2019-04-14 23:07:05', '83', '7', '0.00000', null, '', '2018', '0', '2019-04-14 23:07:05');
INSERT INTO `data_record` VALUES ('1735', '26', '2019-04-14 23:07:05', '84', '7', '0.00000', null, '', '2018', '0', '2019-04-14 23:07:05');
INSERT INTO `data_record` VALUES ('1736', '26', '2019-04-14 23:07:26', '77', '6', '0.00000', null, '', '2019', '0', '2019-04-14 23:07:26');
INSERT INTO `data_record` VALUES ('1737', '26', '2019-04-14 23:07:26', '78', '6', '0.00000', null, '', '2019', '0', '2019-04-14 23:07:26');
INSERT INTO `data_record` VALUES ('1738', '26', '2019-04-14 23:07:26', '79', '6', '0.00000', null, '', '2019', '0', '2019-04-14 23:07:26');
INSERT INTO `data_record` VALUES ('1739', '26', '2019-04-14 23:07:26', '277', '7', '345.00000', null, '', '2019', '0', '2019-04-14 23:07:26');
INSERT INTO `data_record` VALUES ('1740', '26', '2019-04-14 23:07:26', '311', '13', '0.00000', null, '', '2019', '0', '2019-04-14 23:07:26');
INSERT INTO `data_record` VALUES ('1741', '26', '2019-04-14 23:07:26', '278', '7', '2343.00000', null, '', '2019', '0', '2019-04-14 23:07:26');
INSERT INTO `data_record` VALUES ('1742', '26', '2019-04-14 23:07:26', '312', '13', '0.00000', null, '', '2019', '0', '2019-04-14 23:07:26');
INSERT INTO `data_record` VALUES ('1743', '26', '2019-04-14 23:07:26', '279', '7', '0.00000', null, '', '2019', '0', '2019-04-14 23:07:26');
INSERT INTO `data_record` VALUES ('1744', '26', '2019-04-14 23:07:26', '313', '13', '0.00000', null, '', '2019', '0', '2019-04-14 23:07:26');
INSERT INTO `data_record` VALUES ('1745', '26', '2019-04-14 23:07:26', '314', '13', '0.00000', null, '', '2019', '0', '2019-04-14 23:07:26');
INSERT INTO `data_record` VALUES ('1746', '26', '2019-04-14 23:07:26', '80', '7', '0.00000', null, '', '2019', '0', '2019-04-14 23:07:26');
INSERT INTO `data_record` VALUES ('1747', '26', '2019-04-14 23:07:26', '70', '1', '0.00000', null, '', '2019', '0', '2019-04-14 23:07:26');
INSERT INTO `data_record` VALUES ('1748', '26', '2019-04-14 23:07:26', '81', '7', '0.00000', null, '', '2019', '0', '2019-04-14 23:07:26');
INSERT INTO `data_record` VALUES ('1749', '26', '2019-04-14 23:07:26', '82', '7', '0.00000', null, '', '2019', '0', '2019-04-14 23:07:26');
INSERT INTO `data_record` VALUES ('1750', '26', '2019-04-14 23:07:26', '72', '4', '0.00000', null, '', '2019', '0', '2019-04-14 23:07:26');
INSERT INTO `data_record` VALUES ('1751', '26', '2019-04-14 23:07:26', '83', '7', '0.00000', null, '', '2019', '0', '2019-04-14 23:07:26');
INSERT INTO `data_record` VALUES ('1752', '26', '2019-04-14 23:07:26', '84', '7', '0.00000', null, '', '2019', '0', '2019-04-14 23:07:26');
INSERT INTO `data_record` VALUES ('1753', '26', '2019-04-14 23:07:41', '77', '6', '0.00000', null, '', '2018', '0', '2019-04-14 23:07:41');
INSERT INTO `data_record` VALUES ('1754', '26', '2019-04-14 23:07:41', '78', '6', '0.00000', null, '', '2018', '0', '2019-04-14 23:07:41');
INSERT INTO `data_record` VALUES ('1755', '26', '2019-04-14 23:07:41', '79', '6', '0.00000', null, '', '2018', '0', '2019-04-14 23:07:41');
INSERT INTO `data_record` VALUES ('1756', '26', '2019-04-14 23:07:41', '277', '7', '0.00000', null, '', '2018', '0', '2019-04-14 23:07:41');
INSERT INTO `data_record` VALUES ('1757', '26', '2019-04-14 23:07:41', '311', '13', '0.00000', null, '', '2018', '0', '2019-04-14 23:07:41');
INSERT INTO `data_record` VALUES ('1758', '26', '2019-04-14 23:07:41', '278', '7', '0.00000', null, '', '2018', '0', '2019-04-14 23:07:41');
INSERT INTO `data_record` VALUES ('1759', '26', '2019-04-14 23:07:41', '312', '13', '0.00000', null, '', '2018', '0', '2019-04-14 23:07:41');
INSERT INTO `data_record` VALUES ('1760', '26', '2019-04-14 23:07:41', '279', '7', '0.00000', null, '', '2018', '0', '2019-04-14 23:07:41');
INSERT INTO `data_record` VALUES ('1761', '26', '2019-04-14 23:07:41', '313', '13', '0.00000', null, '', '2018', '0', '2019-04-14 23:07:41');
INSERT INTO `data_record` VALUES ('1762', '26', '2019-04-14 23:07:41', '314', '13', '0.00000', null, '', '2018', '0', '2019-04-14 23:07:41');
INSERT INTO `data_record` VALUES ('1763', '26', '2019-04-14 23:07:41', '80', '7', '0.00000', null, '', '2018', '0', '2019-04-14 23:07:41');
INSERT INTO `data_record` VALUES ('1764', '26', '2019-04-14 23:07:41', '70', '1', '0.00000', null, '', '2018', '0', '2019-04-14 23:07:41');
INSERT INTO `data_record` VALUES ('1765', '26', '2019-04-14 23:07:41', '81', '7', '0.00000', null, '', '2018', '0', '2019-04-14 23:07:41');
INSERT INTO `data_record` VALUES ('1766', '26', '2019-04-14 23:07:41', '82', '7', '0.00000', null, '', '2018', '0', '2019-04-14 23:07:41');
INSERT INTO `data_record` VALUES ('1767', '26', '2019-04-14 23:07:41', '72', '4', '0.00000', null, '', '2018', '0', '2019-04-14 23:07:41');
INSERT INTO `data_record` VALUES ('1768', '26', '2019-04-14 23:07:41', '83', '7', '0.00000', null, '', '2018', '0', '2019-04-14 23:07:41');
INSERT INTO `data_record` VALUES ('1769', '26', '2019-04-14 23:07:41', '84', '7', '0.00000', null, '', '2018', '0', '2019-04-14 23:07:41');
INSERT INTO `data_record` VALUES ('1806', '32', '2019-04-15 23:13:57', '242', '7', '0.00000', null, '', '2018', '0', '2019-04-15 23:13:57');
INSERT INTO `data_record` VALUES ('1807', '32', '2019-04-15 23:13:57', '243', '7', '0.00000', null, '', '2018', '0', '2019-04-15 23:13:57');
INSERT INTO `data_record` VALUES ('1808', '32', '2019-04-15 23:13:57', '310', '6', '0.00000', null, '', '2018', '0', '2019-04-15 23:13:57');
INSERT INTO `data_record` VALUES ('1809', '32', '2019-04-15 23:13:57', '244', '7', '0.00000', null, '', '2018', '0', '2019-04-15 23:13:57');
INSERT INTO `data_record` VALUES ('1810', '32', '2019-04-15 23:13:57', '237', '6', '0.00000', null, '', '2018', '0', '2019-04-15 23:13:57');
INSERT INTO `data_record` VALUES ('1811', '32', '2019-04-15 23:13:57', '227', '1', '0.00000', null, '', '2018', '0', '2019-04-15 23:13:57');
INSERT INTO `data_record` VALUES ('1812', '32', '2019-04-15 23:13:57', '238', '6', '0.00000', null, '', '2018', '0', '2019-04-15 23:13:57');
INSERT INTO `data_record` VALUES ('1813', '32', '2019-04-15 23:13:57', '239', '6', '0.00000', null, '', '2018', '0', '2019-04-15 23:13:57');
INSERT INTO `data_record` VALUES ('1814', '32', '2019-04-15 23:13:57', '309', '6', '0.00000', null, '', '2018', '0', '2019-04-15 23:13:57');
INSERT INTO `data_record` VALUES ('1815', '32', '2019-04-15 23:13:57', '240', '6', '0.00000', null, '', '2018', '0', '2019-04-15 23:13:57');
INSERT INTO `data_record` VALUES ('1816', '32', '2019-04-15 23:13:57', '230', '4', '0.00000', null, '', '2018', '0', '2019-04-15 23:13:57');
INSERT INTO `data_record` VALUES ('1817', '32', '2019-04-15 23:13:57', '241', '6', '0.00000', null, '', '2018', '0', '2019-04-15 23:13:57');
INSERT INTO `data_record` VALUES ('1818', '16', '2019-04-15 23:14:16', '296', '6', '0.00000', null, '', '2018', '0', '2019-04-15 23:14:16');
INSERT INTO `data_record` VALUES ('1819', '16', '2019-04-15 23:14:16', '220', '6', '0.00000', null, '', '2018', '0', '2019-04-15 23:14:16');
INSERT INTO `data_record` VALUES ('1820', '16', '2019-04-15 23:14:16', '297', '6', '0.00000', null, '', '2018', '0', '2019-04-15 23:14:16');
INSERT INTO `data_record` VALUES ('1821', '16', '2019-04-15 23:14:16', '221', '6', '0.00000', null, '', '2018', '0', '2019-04-15 23:14:16');
INSERT INTO `data_record` VALUES ('1822', '16', '2019-04-15 23:14:16', '298', '6', '0.00000', null, '', '2018', '0', '2019-04-15 23:14:16');
INSERT INTO `data_record` VALUES ('1823', '16', '2019-04-15 23:14:16', '222', '6', '0.00000', null, '', '2018', '0', '2019-04-15 23:14:16');
INSERT INTO `data_record` VALUES ('1824', '16', '2019-04-15 23:14:16', '299', '7', '0.00000', null, '', '2018', '0', '2019-04-15 23:14:16');
INSERT INTO `data_record` VALUES ('1825', '16', '2019-04-15 23:14:16', '212', '4', '0.00000', null, '', '2018', '0', '2019-04-15 23:14:16');
INSERT INTO `data_record` VALUES ('1826', '16', '2019-04-15 23:14:16', '223', '6', '0.00000', null, '', '2018', '0', '2019-04-15 23:14:16');
INSERT INTO `data_record` VALUES ('1827', '16', '2019-04-15 23:14:16', '300', '7', '0.00000', null, '', '2018', '0', '2019-04-15 23:14:16');
INSERT INTO `data_record` VALUES ('1828', '16', '2019-04-15 23:14:16', '224', '6', '0.00000', null, '', '2018', '0', '2019-04-15 23:14:16');
INSERT INTO `data_record` VALUES ('1829', '16', '2019-04-15 23:14:16', '301', '7', '0.00000', null, '', '2018', '0', '2019-04-15 23:14:16');
INSERT INTO `data_record` VALUES ('1830', '16', '2019-04-15 23:14:16', '302', '7', '0.00000', null, '', '2018', '0', '2019-04-15 23:14:16');
INSERT INTO `data_record` VALUES ('1831', '16', '2019-04-15 23:14:16', '225', '8', '0.00000', null, '', '2018', '0', '2019-04-15 23:14:16');
INSERT INTO `data_record` VALUES ('1832', '16', '2019-04-15 23:14:16', '204', '1', '0.00000', null, '', '2018', '0', '2019-04-15 23:14:16');
INSERT INTO `data_record` VALUES ('1833', '16', '2019-04-15 23:14:16', '303', '7', '0.00000', null, '', '2018', '0', '2019-04-15 23:14:16');
INSERT INTO `data_record` VALUES ('1834', '16', '2019-04-15 23:14:16', '226', '8', '0.00000', null, '', '2018', '0', '2019-04-15 23:14:16');
INSERT INTO `data_record` VALUES ('1835', '16', '2019-04-15 23:14:16', '304', '7', '45.00000', null, '', '2018', '0', '2019-04-15 23:14:16');
INSERT INTO `data_record` VALUES ('1836', '16', '2019-04-15 23:14:16', '305', '7', '455.00000', null, '', '2018', '0', '2019-04-15 23:14:16');
INSERT INTO `data_record` VALUES ('1837', '16', '2019-04-15 23:14:16', '219', '6', '0.00000', null, '', '2018', '0', '2019-04-15 23:14:16');
INSERT INTO `data_record` VALUES ('1857', '31', '2019-04-15 23:14:50', '150', '7', '0.00000', null, '', '2018', '0', '2019-04-15 23:14:50');
INSERT INTO `data_record` VALUES ('1858', '31', '2019-04-15 23:14:50', '151', '8', '0.00000', null, '', '2018', '0', '2019-04-15 23:14:50');
INSERT INTO `data_record` VALUES ('1859', '31', '2019-04-15 23:14:50', '130', '7', '0.00000', null, '', '2018', '0', '2019-04-15 23:14:50');
INSERT INTO `data_record` VALUES ('1860', '31', '2019-04-15 23:14:50', '152', '8', '0.00000', null, '', '2018', '0', '2019-04-15 23:14:50');
INSERT INTO `data_record` VALUES ('1861', '31', '2019-04-15 23:14:50', '131', '7', '0.00000', null, '', '2018', '0', '2019-04-15 23:14:50');
INSERT INTO `data_record` VALUES ('1862', '31', '2019-04-15 23:14:50', '132', '7', '0.00000', null, '', '2018', '0', '2019-04-15 23:14:50');
INSERT INTO `data_record` VALUES ('1863', '31', '2019-04-15 23:14:50', '133', '7', '0.00000', null, '', '2018', '0', '2019-04-15 23:14:50');
INSERT INTO `data_record` VALUES ('1864', '31', '2019-04-15 23:14:50', '134', '7', '0.00000', null, '', '2018', '0', '2019-04-15 23:14:50');
INSERT INTO `data_record` VALUES ('1865', '31', '2019-04-15 23:14:50', '311', '13', '0.00000', null, '', '2018', '0', '2019-04-15 23:14:50');
INSERT INTO `data_record` VALUES ('1866', '31', '2019-04-15 23:14:50', '135', '7', '0.00000', null, '', '2018', '0', '2019-04-15 23:14:50');
INSERT INTO `data_record` VALUES ('1867', '31', '2019-04-15 23:14:50', '312', '13', '0.00000', null, '', '2018', '0', '2019-04-15 23:14:50');
INSERT INTO `data_record` VALUES ('1868', '31', '2019-04-15 23:14:50', '114', '4', '0.00000', null, '', '2018', '0', '2019-04-15 23:14:50');
INSERT INTO `data_record` VALUES ('1869', '31', '2019-04-15 23:14:50', '136', '7', '0.00000', null, '', '2018', '0', '2019-04-15 23:14:50');
INSERT INTO `data_record` VALUES ('1870', '31', '2019-04-15 23:14:50', '313', '13', '0.00000', null, '', '2018', '0', '2019-04-15 23:14:50');
INSERT INTO `data_record` VALUES ('1871', '31', '2019-04-15 23:14:50', '137', '7', '0.00000', null, '', '2018', '0', '2019-04-15 23:14:50');
INSERT INTO `data_record` VALUES ('1872', '31', '2019-04-15 23:14:50', '314', '13', '0.00000', null, '', '2018', '0', '2019-04-15 23:14:50');
INSERT INTO `data_record` VALUES ('1873', '31', '2019-04-15 23:14:50', '138', '7', '45.00000', null, '', '2018', '0', '2019-04-15 23:14:50');
INSERT INTO `data_record` VALUES ('1874', '31', '2019-04-15 23:14:50', '118', '6', '0.00000', null, '', '2018', '0', '2019-04-15 23:14:50');
INSERT INTO `data_record` VALUES ('1875', '31', '2019-04-15 23:14:50', '119', '6', '0.00000', null, '', '2018', '0', '2019-04-15 23:14:50');
INSERT INTO `data_record` VALUES ('1876', '31', '2019-04-15 23:14:50', '120', '6', '0.00000', null, '', '2018', '0', '2019-04-15 23:14:50');
INSERT INTO `data_record` VALUES ('1877', '31', '2019-04-15 23:14:50', '121', '6', '0.00000', null, '', '2018', '0', '2019-04-15 23:14:50');
INSERT INTO `data_record` VALUES ('1878', '31', '2019-04-15 23:14:50', '122', '6', '0.00000', null, '', '2018', '0', '2019-04-15 23:14:50');
INSERT INTO `data_record` VALUES ('1879', '31', '2019-04-15 23:14:50', '144', '7', '0.00000', null, '', '2018', '0', '2019-04-15 23:14:50');
INSERT INTO `data_record` VALUES ('1880', '31', '2019-04-15 23:14:50', '123', '6', '0.00000', null, '', '2018', '0', '2019-04-15 23:14:50');
INSERT INTO `data_record` VALUES ('1881', '31', '2019-04-15 23:14:50', '145', '7', '0.00000', null, '', '2018', '0', '2019-04-15 23:14:50');
INSERT INTO `data_record` VALUES ('1882', '31', '2019-04-15 23:14:50', '125', '6', '0.00000', null, '', '2018', '0', '2019-04-15 23:14:50');
INSERT INTO `data_record` VALUES ('1883', '31', '2019-04-15 23:14:50', '126', '6', '0.00000', null, '', '2018', '0', '2019-04-15 23:14:50');
INSERT INTO `data_record` VALUES ('1884', '31', '2019-04-15 23:14:50', '149', '7', '0.00000', null, '', '2018', '0', '2019-04-15 23:14:50');
INSERT INTO `data_record` VALUES ('1885', '31', '2019-04-15 23:14:50', '128', '6', '0.00000', null, '', '2018', '0', '2019-04-15 23:14:50');
INSERT INTO `data_record` VALUES ('1886', '31', '2019-04-15 23:14:50', '129', '6', '0.00000', null, '', '2018', '0', '2019-04-15 23:14:50');
INSERT INTO `data_record` VALUES ('1887', '31', '2019-04-15 23:14:50', '108', '1', '0.00000', null, '', '2018', '0', '2019-04-15 23:14:50');
INSERT INTO `data_record` VALUES ('1908', '15', '2019-04-15 23:31:23', '296', '6', '0.00000', null, '', '2018', '0', '2019-04-15 23:31:23');
INSERT INTO `data_record` VALUES ('1909', '15', '2019-04-15 23:31:23', '220', '6', '0.00000', null, '', '2018', '0', '2019-04-15 23:31:23');
INSERT INTO `data_record` VALUES ('1910', '15', '2019-04-15 23:31:23', '297', '6', '0.00000', null, '', '2018', '0', '2019-04-15 23:31:23');
INSERT INTO `data_record` VALUES ('1911', '15', '2019-04-15 23:31:23', '221', '6', '0.00000', null, '', '2018', '0', '2019-04-15 23:31:23');
INSERT INTO `data_record` VALUES ('1912', '15', '2019-04-15 23:31:23', '298', '6', '0.00000', null, '', '2018', '0', '2019-04-15 23:31:23');
INSERT INTO `data_record` VALUES ('1913', '15', '2019-04-15 23:31:23', '222', '6', '0.00000', null, '', '2018', '0', '2019-04-15 23:31:23');
INSERT INTO `data_record` VALUES ('1914', '15', '2019-04-15 23:31:23', '299', '7', '0.00000', null, '', '2018', '0', '2019-04-15 23:31:23');
INSERT INTO `data_record` VALUES ('1915', '15', '2019-04-15 23:31:23', '212', '4', '0.00000', null, '', '2018', '0', '2019-04-15 23:31:23');
INSERT INTO `data_record` VALUES ('1916', '15', '2019-04-15 23:31:23', '223', '6', '0.00000', null, '', '2018', '0', '2019-04-15 23:31:23');
INSERT INTO `data_record` VALUES ('1917', '15', '2019-04-15 23:31:23', '300', '7', '0.00000', null, '', '2018', '0', '2019-04-15 23:31:23');
INSERT INTO `data_record` VALUES ('1918', '15', '2019-04-15 23:31:23', '224', '6', '0.00000', null, '', '2018', '0', '2019-04-15 23:31:23');
INSERT INTO `data_record` VALUES ('1919', '15', '2019-04-15 23:31:23', '301', '7', '0.00000', null, '', '2018', '0', '2019-04-15 23:31:23');
INSERT INTO `data_record` VALUES ('1920', '15', '2019-04-15 23:31:23', '302', '7', '0.00000', null, '', '2018', '0', '2019-04-15 23:31:23');
INSERT INTO `data_record` VALUES ('1921', '15', '2019-04-15 23:31:23', '225', '8', '0.00000', null, '', '2018', '0', '2019-04-15 23:31:23');
INSERT INTO `data_record` VALUES ('1922', '15', '2019-04-15 23:31:23', '303', '7', '0.00000', null, '', '2018', '0', '2019-04-15 23:31:23');
INSERT INTO `data_record` VALUES ('1923', '15', '2019-04-15 23:31:23', '226', '8', '0.00000', null, '', '2018', '0', '2019-04-15 23:31:23');
INSERT INTO `data_record` VALUES ('1924', '15', '2019-04-15 23:31:23', '205', '1', '0.00000', null, '', '2018', '0', '2019-04-15 23:31:23');
INSERT INTO `data_record` VALUES ('1925', '15', '2019-04-15 23:31:23', '304', '7', '0.00000', null, '', '2018', '0', '2019-04-15 23:31:23');
INSERT INTO `data_record` VALUES ('1926', '15', '2019-04-15 23:31:23', '305', '7', '0.00000', null, '', '2018', '0', '2019-04-15 23:31:23');
INSERT INTO `data_record` VALUES ('1927', '15', '2019-04-15 23:31:23', '219', '6', '0.00000', null, '', '2018', '0', '2019-04-15 23:31:23');
INSERT INTO `data_record` VALUES ('1956', '26', '2019-10-22 15:27:29', '77', '6', '0.10000', null, '', '2018', '0', '2019-10-22 15:27:29');
INSERT INTO `data_record` VALUES ('1957', '26', '2019-10-22 15:27:29', '78', '6', '0.01000', null, '', '2018', '0', '2019-10-22 15:27:29');
INSERT INTO `data_record` VALUES ('1958', '26', '2019-10-22 15:27:29', '79', '6', '0.00000', null, '', '2018', '0', '2019-10-22 15:27:29');
INSERT INTO `data_record` VALUES ('1959', '26', '2019-10-22 15:27:29', '277', '7', '0.00000', null, '', '2018', '0', '2019-10-22 15:27:29');
INSERT INTO `data_record` VALUES ('1960', '26', '2019-10-22 15:27:29', '278', '7', '0.00000', null, '', '2018', '0', '2019-10-22 15:27:29');
INSERT INTO `data_record` VALUES ('1961', '26', '2019-10-22 15:27:29', '279', '7', '0.00000', null, '', '2018', '0', '2019-10-22 15:27:29');
INSERT INTO `data_record` VALUES ('1962', '26', '2019-10-22 15:27:29', '247', '5', '20.00000', null, null, '2018', '0', '2019-10-22 15:27:29');
INSERT INTO `data_record` VALUES ('1963', '26', '2019-10-22 15:27:29', '315', '14', '10.00000', null, '', '2018', '0', '2019-10-22 15:27:29');
INSERT INTO `data_record` VALUES ('1964', '26', '2019-10-22 15:27:29', '316', '14', '200.00000', null, '', '2018', '0', '2019-10-22 15:27:29');
INSERT INTO `data_record` VALUES ('1965', '26', '2019-10-22 15:27:29', '80', '7', '0.00000', null, '', '2018', '0', '2019-10-22 15:27:29');
INSERT INTO `data_record` VALUES ('1966', '26', '2019-10-22 15:27:29', '70', '1', '20.00000', null, '', '2018', '0', '2019-10-22 15:27:29');
INSERT INTO `data_record` VALUES ('1967', '26', '2019-10-22 15:27:29', '317', '14', '5.00000', null, '', '2018', '0', '2019-10-22 15:27:29');
INSERT INTO `data_record` VALUES ('1968', '26', '2019-10-22 15:27:29', '81', '7', '0.00000', null, '', '2018', '0', '2019-10-22 15:27:29');
INSERT INTO `data_record` VALUES ('1969', '26', '2019-10-22 15:27:29', '71', '2', '12.00000', null, null, '2018', '0', '2019-10-22 15:27:29');
INSERT INTO `data_record` VALUES ('1970', '26', '2019-10-22 15:27:29', '318', '14', '1.00000', null, '', '2018', '0', '2019-10-22 15:27:29');
INSERT INTO `data_record` VALUES ('1971', '26', '2019-10-22 15:27:29', '82', '7', '0.00000', null, '', '2018', '0', '2019-10-22 15:27:29');
INSERT INTO `data_record` VALUES ('1972', '26', '2019-10-22 15:27:29', '72', '4', '10.00000', null, '', '2018', '0', '2019-10-22 15:27:29');
INSERT INTO `data_record` VALUES ('1973', '26', '2019-10-22 15:27:29', '83', '7', '0.00000', null, '', '2018', '0', '2019-10-22 15:27:29');
INSERT INTO `data_record` VALUES ('1974', '26', '2019-10-22 15:27:29', '84', '7', '0.00000', null, '', '2018', '0', '2019-10-22 15:27:29');
INSERT INTO `data_record` VALUES ('2031', '38', '2019-10-22 19:01:59', '55', '6', '400000000.00000', null, '', '2018', '0', '2019-10-22 19:01:59');
INSERT INTO `data_record` VALUES ('2032', '38', '2019-10-22 19:01:59', '66', '7', '0.00000', null, '', '2018', '0', '2019-10-22 19:01:59');
INSERT INTO `data_record` VALUES ('2033', '38', '2019-10-22 19:01:59', '56', '6', '4.20100', null, '', '2018', '0', '2019-10-22 19:01:59');
INSERT INTO `data_record` VALUES ('2034', '38', '2019-10-22 19:01:59', '57', '6', '17.50000', null, '', '2018', '0', '2019-10-22 19:01:59');
INSERT INTO `data_record` VALUES ('2035', '38', '2019-10-22 19:01:59', '47', '1', '46955.16016', null, '', '2018', '0', '2019-10-22 19:01:59');
INSERT INTO `data_record` VALUES ('2036', '38', '2019-10-22 19:01:59', '58', '6', '0.00000', null, '', '2018', '0', '2019-10-22 19:01:59');
INSERT INTO `data_record` VALUES ('2037', '38', '2019-10-22 19:01:59', '48', '2', '34949.19922', null, null, '2018', '0', '2019-10-22 19:01:59');
INSERT INTO `data_record` VALUES ('2038', '38', '2019-10-22 19:01:59', '59', '7', '240000000.00000', null, '', '2018', '0', '2019-10-22 19:01:59');
INSERT INTO `data_record` VALUES ('2039', '38', '2019-10-22 19:01:59', '49', '2', '19717.28711', null, null, '2018', '0', '2019-10-22 19:01:59');
INSERT INTO `data_record` VALUES ('2040', '38', '2019-10-22 19:01:59', '276', '5', '18500000.00000', null, null, '2018', '0', '2019-10-22 19:01:59');
INSERT INTO `data_record` VALUES ('2041', '38', '2019-10-22 19:01:59', '315', '14', '5000.00000', null, '', '2018', '0', '2019-10-22 19:01:59');
INSERT INTO `data_record` VALUES ('2042', '38', '2019-10-22 19:01:59', '316', '14', '1000.00000', null, '', '2018', '0', '2019-10-22 19:01:59');
INSERT INTO `data_record` VALUES ('2043', '38', '2019-10-22 19:01:59', '317', '14', '60.00000', null, '', '2018', '0', '2019-10-22 19:01:59');
INSERT INTO `data_record` VALUES ('2044', '38', '2019-10-22 19:01:59', '318', '14', '1.00000', null, '', '2018', '0', '2019-10-22 19:01:59');
INSERT INTO `data_record` VALUES ('2045', '38', '2019-10-22 19:01:59', '60', '7', '0.00000', null, '', '2018', '0', '2019-10-22 19:01:59');
INSERT INTO `data_record` VALUES ('2046', '38', '2019-10-22 19:01:59', '50', '4', '230000.00000', null, '', '2018', '0', '2019-10-22 19:01:59');
INSERT INTO `data_record` VALUES ('2047', '38', '2019-10-22 19:01:59', '61', '7', '595.59998', null, '', '2018', '0', '2019-10-22 19:01:59');
INSERT INTO `data_record` VALUES ('2048', '38', '2019-10-22 19:01:59', '62', '7', '0.00000', null, '', '2018', '0', '2019-10-22 19:01:59');
INSERT INTO `data_record` VALUES ('2049', '38', '2019-10-22 19:01:59', '63', '7', '5.32000', null, '', '2018', '0', '2019-10-22 19:01:59');
INSERT INTO `data_record` VALUES ('2050', '38', '2019-10-22 19:01:59', '64', '7', '0.00000', null, '', '2018', '0', '2019-10-22 19:01:59');
INSERT INTO `data_record` VALUES ('2051', '38', '2019-10-22 19:01:59', '65', '7', '0.00000', null, '', '2018', '0', '2019-10-22 19:01:59');
INSERT INTO `data_record` VALUES ('2052', '39', '2019-10-22 19:11:23', '77', '6', '39400000.00000', null, '', '2018', '0', '2019-10-22 19:11:23');
INSERT INTO `data_record` VALUES ('2053', '39', '2019-10-22 19:11:23', '78', '6', '5795.37988', null, '', '2018', '0', '2019-10-22 19:11:23');
INSERT INTO `data_record` VALUES ('2054', '39', '2019-10-22 19:11:23', '79', '6', '0.00000', null, '', '2018', '0', '2019-10-22 19:11:23');
INSERT INTO `data_record` VALUES ('2055', '39', '2019-10-22 19:11:23', '276', '5', '16059662.00000', null, null, '2018', '0', '2019-10-22 19:11:23');
INSERT INTO `data_record` VALUES ('2056', '39', '2019-10-22 19:11:23', '277', '7', '0.00000', null, '', '2018', '0', '2019-10-22 19:11:23');
INSERT INTO `data_record` VALUES ('2057', '39', '2019-10-22 19:11:23', '278', '7', '0.00000', null, '', '2018', '0', '2019-10-22 19:11:23');
INSERT INTO `data_record` VALUES ('2058', '39', '2019-10-22 19:11:23', '279', '7', '3.99000', null, '', '2018', '0', '2019-10-22 19:11:23');
INSERT INTO `data_record` VALUES ('2059', '39', '2019-10-22 19:11:23', '315', '14', '1200.00000', null, '', '2018', '0', '2019-10-22 19:11:23');
INSERT INTO `data_record` VALUES ('2060', '39', '2019-10-22 19:11:23', '316', '14', '3300.00000', null, '', '2018', '0', '2019-10-22 19:11:23');
INSERT INTO `data_record` VALUES ('2061', '39', '2019-10-22 19:11:23', '80', '7', '87600000.00000', null, '', '2018', '0', '2019-10-22 19:11:23');
INSERT INTO `data_record` VALUES ('2062', '39', '2019-10-22 19:11:23', '70', '1', '30751.12500', null, '', '2018', '0', '2019-10-22 19:11:23');
INSERT INTO `data_record` VALUES ('2063', '39', '2019-10-22 19:11:23', '317', '14', '70.00000', null, '', '2018', '0', '2019-10-22 19:11:23');
INSERT INTO `data_record` VALUES ('2064', '39', '2019-10-22 19:11:23', '81', '7', '0.00000', null, '', '2018', '0', '2019-10-22 19:11:23');
INSERT INTO `data_record` VALUES ('2065', '39', '2019-10-22 19:11:23', '71', '2', '31199.33594', null, null, '2018', '0', '2019-10-22 19:11:23');
INSERT INTO `data_record` VALUES ('2066', '39', '2019-10-22 19:11:23', '318', '14', '1.00000', null, '', '2018', '0', '2019-10-22 19:11:23');
INSERT INTO `data_record` VALUES ('2067', '39', '2019-10-22 19:11:23', '82', '7', '122.78000', null, '', '2018', '0', '2019-10-22 19:11:23');
INSERT INTO `data_record` VALUES ('2068', '39', '2019-10-22 19:11:23', '72', '4', '5295.00000', null, '', '2018', '0', '2019-10-22 19:11:23');
INSERT INTO `data_record` VALUES ('2069', '39', '2019-10-22 19:11:23', '83', '7', '28.24000', null, '', '2018', '0', '2019-10-22 19:11:23');
INSERT INTO `data_record` VALUES ('2070', '39', '2019-10-22 19:11:23', '84', '7', '0.00000', null, '', '2018', '0', '2019-10-22 19:11:23');
INSERT INTO `data_record` VALUES ('2071', '40', '2019-10-22 19:18:43', '77', '6', '960000000.00000', null, '', '2018', '0', '2019-10-22 19:18:43');
INSERT INTO `data_record` VALUES ('2072', '40', '2019-10-22 19:18:43', '78', '6', '253.82001', null, '', '2018', '0', '2019-10-22 19:18:43');
INSERT INTO `data_record` VALUES ('2073', '40', '2019-10-22 19:18:43', '79', '6', '2.10000', null, '', '2018', '0', '2019-10-22 19:18:43');
INSERT INTO `data_record` VALUES ('2074', '40', '2019-10-22 19:18:43', '276', '5', '68416648.00000', null, null, '2018', '0', '2019-10-22 19:18:43');
INSERT INTO `data_record` VALUES ('2075', '40', '2019-10-22 19:18:43', '277', '7', '0.00000', null, '', '2018', '0', '2019-10-22 19:18:43');
INSERT INTO `data_record` VALUES ('2076', '40', '2019-10-22 19:18:43', '278', '7', '0.00000', null, '', '2018', '0', '2019-10-22 19:18:43');
INSERT INTO `data_record` VALUES ('2077', '40', '2019-10-22 19:18:43', '279', '7', '2119.78003', null, '', '2018', '0', '2019-10-22 19:18:43');
INSERT INTO `data_record` VALUES ('2078', '40', '2019-10-22 19:18:43', '315', '14', '1200.00000', null, '', '2018', '0', '2019-10-22 19:18:43');
INSERT INTO `data_record` VALUES ('2079', '40', '2019-10-22 19:18:43', '316', '14', '2000.00000', null, '', '2018', '0', '2019-10-22 19:18:43');
INSERT INTO `data_record` VALUES ('2080', '40', '2019-10-22 19:18:43', '80', '7', '468111.00000', null, '', '2018', '0', '2019-10-22 19:18:43');
INSERT INTO `data_record` VALUES ('2081', '40', '2019-10-22 19:18:43', '70', '1', '136847.53125', null, '', '2018', '0', '2019-10-22 19:18:43');
INSERT INTO `data_record` VALUES ('2082', '40', '2019-10-22 19:18:43', '317', '14', '60.00000', null, '', '2018', '0', '2019-10-22 19:18:43');
INSERT INTO `data_record` VALUES ('2083', '40', '2019-10-22 19:18:43', '81', '7', '0.00000', null, '', '2018', '0', '2019-10-22 19:18:43');
INSERT INTO `data_record` VALUES ('2084', '40', '2019-10-22 19:18:43', '71', '2', '140149.00000', null, null, '2018', '0', '2019-10-22 19:18:43');
INSERT INTO `data_record` VALUES ('2085', '40', '2019-10-22 19:18:43', '318', '14', '1.00000', null, '', '2018', '0', '2019-10-22 19:18:43');
INSERT INTO `data_record` VALUES ('2086', '40', '2019-10-22 19:18:43', '82', '7', '46248.00000', null, '', '2018', '0', '2019-10-22 19:18:43');
INSERT INTO `data_record` VALUES ('2087', '40', '2019-10-22 19:18:43', '72', '4', '88139.00000', null, '', '2018', '0', '2019-10-22 19:18:43');
INSERT INTO `data_record` VALUES ('2088', '40', '2019-10-22 19:18:43', '83', '7', '0.00000', null, '', '2018', '0', '2019-10-22 19:18:43');
INSERT INTO `data_record` VALUES ('2089', '40', '2019-10-22 19:18:43', '84', '7', '0.00000', null, '', '2018', '0', '2019-10-22 19:18:43');
INSERT INTO `data_record` VALUES ('2090', '41', '2019-10-22 20:20:57', '77', '6', '0.00000', null, '', '2018', '0', '2019-10-22 20:20:58');
INSERT INTO `data_record` VALUES ('2091', '41', '2019-10-22 20:20:57', '78', '6', '0.00000', null, '', '2018', '0', '2019-10-22 20:20:58');
INSERT INTO `data_record` VALUES ('2092', '41', '2019-10-22 20:20:57', '79', '6', '0.00000', null, '', '2018', '0', '2019-10-22 20:20:58');
INSERT INTO `data_record` VALUES ('2093', '41', '2019-10-22 20:20:57', '276', '5', '35342416.00000', null, null, '2018', '0', '2019-10-22 20:20:58');
INSERT INTO `data_record` VALUES ('2094', '41', '2019-10-22 20:20:57', '277', '7', '0.00000', null, '', '2018', '0', '2019-10-22 20:20:58');
INSERT INTO `data_record` VALUES ('2095', '41', '2019-10-22 20:20:57', '278', '7', '0.00000', null, '', '2018', '0', '2019-10-22 20:20:58');
INSERT INTO `data_record` VALUES ('2096', '41', '2019-10-22 20:20:57', '279', '7', '0.00000', null, '', '2018', '0', '2019-10-22 20:20:58');
INSERT INTO `data_record` VALUES ('2097', '41', '2019-10-22 20:20:57', '315', '14', '0.00000', null, '', '2018', '0', '2019-10-22 20:20:58');
INSERT INTO `data_record` VALUES ('2098', '41', '2019-10-22 20:20:57', '316', '14', '0.00000', null, '', '2018', '0', '2019-10-22 20:20:58');
INSERT INTO `data_record` VALUES ('2099', '41', '2019-10-22 20:20:57', '80', '7', '0.00000', null, '', '2018', '0', '2019-10-22 20:20:58');
INSERT INTO `data_record` VALUES ('2100', '41', '2019-10-22 20:20:57', '70', '1', '79164.00000', null, '', '2018', '0', '2019-10-22 20:20:58');
INSERT INTO `data_record` VALUES ('2101', '41', '2019-10-22 20:20:57', '317', '14', '0.00000', null, '', '2018', '0', '2019-10-22 20:20:58');
INSERT INTO `data_record` VALUES ('2102', '41', '2019-10-22 20:20:57', '81', '7', '0.00000', null, '', '2018', '0', '2019-10-22 20:20:58');
INSERT INTO `data_record` VALUES ('2103', '41', '2019-10-22 20:20:57', '71', '2', '80116.00000', null, null, '2018', '0', '2019-10-22 20:20:58');
INSERT INTO `data_record` VALUES ('2104', '41', '2019-10-22 20:20:57', '318', '14', '0.00000', null, '', '2018', '0', '2019-10-22 20:20:58');
INSERT INTO `data_record` VALUES ('2105', '41', '2019-10-22 20:20:57', '82', '7', '0.00000', null, '', '2018', '0', '2019-10-22 20:20:58');
INSERT INTO `data_record` VALUES ('2106', '41', '2019-10-22 20:20:57', '72', '4', '10375.00000', null, '', '2018', '0', '2019-10-22 20:20:58');
INSERT INTO `data_record` VALUES ('2107', '41', '2019-10-22 20:20:57', '83', '7', '0.00000', null, '', '2018', '0', '2019-10-22 20:20:58');
INSERT INTO `data_record` VALUES ('2108', '41', '2019-10-22 20:20:57', '84', '7', '0.00000', null, '', '2018', '0', '2019-10-22 20:20:58');
INSERT INTO `data_record` VALUES ('2109', '42', '2019-10-22 20:26:18', '99', '6', '0.00000', null, '', '2018', '0', '2019-10-22 20:26:18');
INSERT INTO `data_record` VALUES ('2110', '42', '2019-10-22 20:26:18', '89', '1', '75000.00000', null, '', '2018', '0', '2019-10-22 20:26:18');
INSERT INTO `data_record` VALUES ('2111', '42', '2019-10-22 20:26:18', '285', '2', '0.05000', null, null, '2018', '0', '2019-10-22 20:26:18');
INSERT INTO `data_record` VALUES ('2112', '42', '2019-10-22 20:26:18', '286', '6', '0.00000', null, '', '2018', '0', '2019-10-22 20:26:18');
INSERT INTO `data_record` VALUES ('2113', '42', '2019-10-22 20:26:18', '276', '5', '3999.55005', null, null, '2018', '0', '2019-10-22 20:26:18');
INSERT INTO `data_record` VALUES ('2114', '42', '2019-10-22 20:26:18', '287', '6', '0.00000', null, '', '2018', '0', '2019-10-22 20:26:18');
INSERT INTO `data_record` VALUES ('2115', '42', '2019-10-22 20:26:18', '100', '7', '330000.00000', null, '', '2018', '0', '2019-10-22 20:26:18');
INSERT INTO `data_record` VALUES ('2116', '42', '2019-10-22 20:26:18', '288', '6', '3.00000', null, '', '2018', '0', '2019-10-22 20:26:18');
INSERT INTO `data_record` VALUES ('2117', '42', '2019-10-22 20:26:18', '101', '7', '5.00000', null, '', '2018', '0', '2019-10-22 20:26:18');
INSERT INTO `data_record` VALUES ('2118', '42', '2019-10-22 20:26:18', '289', '6', '0.00000', null, '', '2018', '0', '2019-10-22 20:26:18');
INSERT INTO `data_record` VALUES ('2119', '42', '2019-10-22 20:26:18', '102', '7', '0.00000', null, '', '2018', '0', '2019-10-22 20:26:18');
INSERT INTO `data_record` VALUES ('2120', '42', '2019-10-22 20:26:18', '103', '7', '0.00000', null, '', '2018', '0', '2019-10-22 20:26:18');
INSERT INTO `data_record` VALUES ('2121', '42', '2019-10-22 20:26:18', '269', '5', '44.23700', null, null, '2018', '0', '2019-10-22 20:26:18');
INSERT INTO `data_record` VALUES ('2122', '42', '2019-10-22 20:26:18', '104', '7', '4.00000', null, '', '2018', '0', '2019-10-22 20:26:18');
INSERT INTO `data_record` VALUES ('2123', '42', '2019-10-22 20:26:18', '90', '2', '1.05500', null, null, '2018', '0', '2019-10-22 20:26:18');
INSERT INTO `data_record` VALUES ('2124', '42', '2019-10-22 20:26:18', '315', '14', '25.00000', null, '', '2018', '0', '2019-10-22 20:26:18');
INSERT INTO `data_record` VALUES ('2125', '42', '2019-10-22 20:26:18', '91', '2', '0.00100', null, null, '2018', '0', '2019-10-22 20:26:18');
INSERT INTO `data_record` VALUES ('2126', '42', '2019-10-22 20:26:18', '316', '14', '914.00000', null, '', '2018', '0', '2019-10-22 20:26:18');
INSERT INTO `data_record` VALUES ('2127', '42', '2019-10-22 20:26:18', '92', '2', '0.00100', null, null, '2018', '0', '2019-10-22 20:26:18');
INSERT INTO `data_record` VALUES ('2128', '42', '2019-10-22 20:26:18', '317', '14', '32.00000', null, '', '2018', '0', '2019-10-22 20:26:18');
INSERT INTO `data_record` VALUES ('2129', '42', '2019-10-22 20:26:18', '318', '14', '1.00000', null, '', '2018', '0', '2019-10-22 20:26:18');
INSERT INTO `data_record` VALUES ('2130', '42', '2019-10-22 20:26:18', '93', '4', '5.13700', null, '', '2018', '0', '2019-10-22 20:26:18');
INSERT INTO `data_record` VALUES ('2131', '42', '2019-10-22 20:26:18', '97', '6', '255753.00000', null, '', '2018', '0', '2019-10-22 20:26:18');
INSERT INTO `data_record` VALUES ('2132', '42', '2019-10-22 20:26:18', '98', '6', '0.00000', null, '', '2018', '0', '2019-10-22 20:26:18');
INSERT INTO `data_record` VALUES ('2133', '43', '2019-10-22 20:32:25', '99', '6', '0.70000', null, '', '2018', '0', '2019-10-22 20:32:25');
INSERT INTO `data_record` VALUES ('2134', '43', '2019-10-22 20:32:25', '89', '1', '40000.00000', null, '', '2018', '0', '2019-10-22 20:32:25');
INSERT INTO `data_record` VALUES ('2135', '43', '2019-10-22 20:32:25', '285', '2', '600.00000', null, null, '2018', '0', '2019-10-22 20:32:25');
INSERT INTO `data_record` VALUES ('2136', '43', '2019-10-22 20:32:25', '286', '6', '3.00000', null, '', '2018', '0', '2019-10-22 20:32:25');
INSERT INTO `data_record` VALUES ('2137', '43', '2019-10-22 20:32:25', '276', '5', '7068943.00000', null, null, '2018', '0', '2019-10-22 20:32:25');
INSERT INTO `data_record` VALUES ('2138', '43', '2019-10-22 20:32:25', '287', '6', '15.00000', null, '', '2018', '0', '2019-10-22 20:32:25');
INSERT INTO `data_record` VALUES ('2139', '43', '2019-10-22 20:32:25', '100', '7', '30000.00000', null, '', '2018', '0', '2019-10-22 20:32:25');
INSERT INTO `data_record` VALUES ('2140', '43', '2019-10-22 20:32:25', '288', '6', '0.50000', null, '', '2018', '0', '2019-10-22 20:32:25');
INSERT INTO `data_record` VALUES ('2141', '43', '2019-10-22 20:32:25', '101', '7', '17.80000', null, '', '2018', '0', '2019-10-22 20:32:25');
INSERT INTO `data_record` VALUES ('2142', '43', '2019-10-22 20:32:25', '289', '6', '2.50000', null, '', '2018', '0', '2019-10-22 20:32:25');
INSERT INTO `data_record` VALUES ('2143', '43', '2019-10-22 20:32:25', '102', '7', '0.31000', null, '', '2018', '0', '2019-10-22 20:32:25');
INSERT INTO `data_record` VALUES ('2144', '43', '2019-10-22 20:32:25', '103', '7', '0.12000', null, '', '2018', '0', '2019-10-22 20:32:25');
INSERT INTO `data_record` VALUES ('2145', '43', '2019-10-22 20:32:25', '269', '5', '5566861.00000', null, null, '2018', '0', '2019-10-22 20:32:25');
INSERT INTO `data_record` VALUES ('2146', '43', '2019-10-22 20:32:25', '104', '7', '14.00000', null, '', '2018', '0', '2019-10-22 20:32:25');
INSERT INTO `data_record` VALUES ('2147', '43', '2019-10-22 20:32:25', '315', '14', '681.00000', null, '', '2018', '0', '2019-10-22 20:32:25');
INSERT INTO `data_record` VALUES ('2148', '43', '2019-10-22 20:32:25', '316', '14', '230.00000', null, '', '2018', '0', '2019-10-22 20:32:25');
INSERT INTO `data_record` VALUES ('2149', '43', '2019-10-22 20:32:25', '317', '14', '50.00000', null, '', '2018', '0', '2019-10-22 20:32:25');
INSERT INTO `data_record` VALUES ('2150', '43', '2019-10-22 20:32:25', '318', '14', '1.00000', null, '', '2018', '0', '2019-10-22 20:32:25');
INSERT INTO `data_record` VALUES ('2151', '43', '2019-10-22 20:32:25', '93', '4', '708904.00000', null, '', '2018', '0', '2019-10-22 20:32:25');
INSERT INTO `data_record` VALUES ('2152', '43', '2019-10-22 20:32:25', '97', '6', '60000.00000', null, '', '2018', '0', '2019-10-22 20:32:25');
INSERT INTO `data_record` VALUES ('2153', '43', '2019-10-22 20:32:25', '98', '6', '5.00000', null, '', '2018', '0', '2019-10-22 20:32:25');
INSERT INTO `data_record` VALUES ('2154', '44', '2019-10-22 20:37:59', '77', '6', '434758848.00000', null, '', '2018', '0', '2019-10-22 20:37:59');
INSERT INTO `data_record` VALUES ('2155', '44', '2019-10-22 20:37:59', '78', '6', '37.00000', null, '', '2018', '0', '2019-10-22 20:37:59');
INSERT INTO `data_record` VALUES ('2156', '44', '2019-10-22 20:37:59', '79', '6', '0.00000', null, '', '2018', '0', '2019-10-22 20:37:59');
INSERT INTO `data_record` VALUES ('2157', '44', '2019-10-22 20:37:59', '276', '5', '43736000.00000', null, null, '2018', '0', '2019-10-22 20:37:59');
INSERT INTO `data_record` VALUES ('2158', '44', '2019-10-22 20:37:59', '277', '7', '2.78000', null, '', '2018', '0', '2019-10-22 20:37:59');
INSERT INTO `data_record` VALUES ('2159', '44', '2019-10-22 20:37:59', '278', '7', '4.28000', null, '', '2018', '0', '2019-10-22 20:37:59');
INSERT INTO `data_record` VALUES ('2160', '44', '2019-10-22 20:37:59', '279', '7', '0.00000', null, '', '2018', '0', '2019-10-22 20:37:59');
INSERT INTO `data_record` VALUES ('2161', '44', '2019-10-22 20:37:59', '315', '14', '552.00000', null, '', '2018', '0', '2019-10-22 20:37:59');
INSERT INTO `data_record` VALUES ('2162', '44', '2019-10-22 20:37:59', '316', '14', '739.00000', null, '', '2018', '0', '2019-10-22 20:37:59');
INSERT INTO `data_record` VALUES ('2163', '44', '2019-10-22 20:37:59', '80', '7', '375088992.00000', null, '', '2018', '0', '2019-10-22 20:37:59');
INSERT INTO `data_record` VALUES ('2164', '44', '2019-10-22 20:37:59', '70', '1', '77000.00000', null, '', '2018', '0', '2019-10-22 20:37:59');
INSERT INTO `data_record` VALUES ('2165', '44', '2019-10-22 20:37:59', '317', '14', '27.60000', null, '', '2018', '0', '2019-10-22 20:37:59');
INSERT INTO `data_record` VALUES ('2166', '44', '2019-10-22 20:37:59', '81', '7', '77.50000', null, '', '2018', '0', '2019-10-22 20:37:59');
INSERT INTO `data_record` VALUES ('2167', '44', '2019-10-22 20:37:59', '71', '2', '78155.00000', null, null, '2018', '0', '2019-10-22 20:37:59');
INSERT INTO `data_record` VALUES ('2168', '44', '2019-10-22 20:37:59', '318', '14', '1.00000', null, '', '2018', '0', '2019-10-22 20:37:59');
INSERT INTO `data_record` VALUES ('2169', '44', '2019-10-22 20:37:59', '82', '7', '258.00000', null, '', '2018', '0', '2019-10-22 20:37:59');
INSERT INTO `data_record` VALUES ('2170', '44', '2019-10-22 20:37:59', '72', '4', '246400.00000', null, '', '2018', '0', '2019-10-22 20:37:59');
INSERT INTO `data_record` VALUES ('2171', '44', '2019-10-22 20:37:59', '83', '7', '50.00000', null, '', '2018', '0', '2019-10-22 20:37:59');
INSERT INTO `data_record` VALUES ('2172', '44', '2019-10-22 20:37:59', '84', '7', '1.38000', null, '', '2018', '0', '2019-10-22 20:37:59');
INSERT INTO `data_record` VALUES ('2173', '45', '2019-10-22 20:45:27', '170', '7', '27.00000', null, '', '2018', '0', '2019-10-22 20:45:27');
INSERT INTO `data_record` VALUES ('2174', '45', '2019-10-22 20:45:27', '171', '7', '5.30000', null, '', '2018', '0', '2019-10-22 20:45:27');
INSERT INTO `data_record` VALUES ('2175', '45', '2019-10-22 20:45:27', '172', '7', '0.81000', null, '', '2018', '0', '2019-10-22 20:45:27');
INSERT INTO `data_record` VALUES ('2176', '45', '2019-10-22 20:45:27', '173', '7', '7.00000', null, '', '2018', '0', '2019-10-22 20:45:27');
INSERT INTO `data_record` VALUES ('2177', '45', '2019-10-22 20:45:27', '174', '7', '0.00000', null, '', '2018', '0', '2019-10-22 20:45:27');
INSERT INTO `data_record` VALUES ('2178', '45', '2019-10-22 20:45:27', '276', '5', '4118170.00000', null, null, '2018', '0', '2019-10-22 20:45:27');
INSERT INTO `data_record` VALUES ('2179', '45', '2019-10-22 20:45:27', '156', '1', '323009.00000', null, '', '2018', '0', '2019-10-22 20:45:27');
INSERT INTO `data_record` VALUES ('2180', '45', '2019-10-22 20:45:27', '157', '2', '388899.00000', null, null, '2018', '0', '2019-10-22 20:45:27');
INSERT INTO `data_record` VALUES ('2181', '45', '2019-10-22 20:45:27', '256', '5', '19430.00000', null, null, '2018', '0', '2019-10-22 20:45:27');
INSERT INTO `data_record` VALUES ('2182', '45', '2019-10-22 20:45:27', '158', '2', '242.00000', null, null, '2018', '0', '2019-10-22 20:45:27');
INSERT INTO `data_record` VALUES ('2183', '45', '2019-10-22 20:45:27', '315', '14', '4812.00000', null, '', '2018', '0', '2019-10-22 20:45:27');
INSERT INTO `data_record` VALUES ('2184', '45', '2019-10-22 20:45:27', '316', '14', '290.00000', null, '', '2018', '0', '2019-10-22 20:45:27');
INSERT INTO `data_record` VALUES ('2185', '45', '2019-10-22 20:45:27', '317', '14', '30.00000', null, '', '2018', '0', '2019-10-22 20:45:27');
INSERT INTO `data_record` VALUES ('2186', '45', '2019-10-22 20:45:27', '318', '14', '1.00000', null, '', '2018', '0', '2019-10-22 20:45:27');
INSERT INTO `data_record` VALUES ('2187', '45', '2019-10-22 20:45:27', '280', '2', '145449.00000', null, null, '2018', '0', '2019-10-22 20:45:27');
INSERT INTO `data_record` VALUES ('2188', '45', '2019-10-22 20:45:27', '281', '2', '887.00000', null, null, '2018', '0', '2019-10-22 20:45:27');
INSERT INTO `data_record` VALUES ('2189', '45', '2019-10-22 20:45:27', '160', '4', '211150.00000', null, '', '2018', '0', '2019-10-22 20:45:27');
INSERT INTO `data_record` VALUES ('2190', '45', '2019-10-22 20:45:27', '282', '2', '10.00000', null, null, '2018', '0', '2019-10-22 20:45:27');
INSERT INTO `data_record` VALUES ('2191', '45', '2019-10-22 20:45:27', '283', '6', '0.00000', null, '', '2018', '0', '2019-10-22 20:45:27');
INSERT INTO `data_record` VALUES ('2192', '45', '2019-10-22 20:45:27', '284', '6', '0.00000', null, '', '2018', '0', '2019-10-22 20:45:27');
INSERT INTO `data_record` VALUES ('2193', '45', '2019-10-22 20:45:27', '164', '6', '749642.00000', null, '三个排放口 总和的小时 烟气量', '2018', '0', '2019-10-22 20:45:27');
INSERT INTO `data_record` VALUES ('2194', '45', '2019-10-22 20:45:27', '165', '6', '26.00000', null, '三个排放口 平均值', '2018', '0', '2019-10-22 20:45:27');
INSERT INTO `data_record` VALUES ('2195', '45', '2019-10-22 20:45:27', '166', '6', '77.00000', null, '', '2018', '0', '2019-10-22 20:45:27');
INSERT INTO `data_record` VALUES ('2196', '45', '2019-10-22 20:45:27', '167', '6', '5.30000', null, '', '2018', '0', '2019-10-22 20:45:27');
INSERT INTO `data_record` VALUES ('2197', '45', '2019-10-22 20:45:27', '168', '6', '0.00000', null, '', '2018', '0', '2019-10-22 20:45:27');
INSERT INTO `data_record` VALUES ('2198', '45', '2019-10-22 20:45:27', '169', '7', '9715.00000', null, '', '2018', '0', '2019-10-22 20:45:27');
INSERT INTO `data_record` VALUES ('2199', '46', '2019-10-22 20:49:30', '280', '2', '4812.27979', null, null, '2018', '0', '2019-10-22 20:49:30');
INSERT INTO `data_record` VALUES ('2200', '46', '2019-10-22 20:49:30', '170', '7', '0.00000', null, '', '2018', '0', '2019-10-22 20:49:30');
INSERT INTO `data_record` VALUES ('2201', '46', '2019-10-22 20:49:30', '160', '4', '15536.00000', null, '', '2018', '0', '2019-10-22 20:49:30');
INSERT INTO `data_record` VALUES ('2202', '46', '2019-10-22 20:49:30', '171', '7', '0.00000', null, '', '2018', '0', '2019-10-22 20:49:30');
INSERT INTO `data_record` VALUES ('2203', '46', '2019-10-22 20:49:30', '282', '2', '1.55000', null, null, '2018', '0', '2019-10-22 20:49:30');
INSERT INTO `data_record` VALUES ('2204', '46', '2019-10-22 20:49:30', '271', '5', '2354352.00000', null, null, '2018', '0', '2019-10-22 20:49:30');
INSERT INTO `data_record` VALUES ('2205', '46', '2019-10-22 20:49:30', '172', '7', '0.00000', null, '', '2018', '0', '2019-10-22 20:49:30');
INSERT INTO `data_record` VALUES ('2206', '46', '2019-10-22 20:49:30', '283', '6', '0.00000', null, '', '2018', '0', '2019-10-22 20:49:30');
INSERT INTO `data_record` VALUES ('2207', '46', '2019-10-22 20:49:30', '173', '7', '0.00000', null, '', '2018', '0', '2019-10-22 20:49:30');
INSERT INTO `data_record` VALUES ('2208', '46', '2019-10-22 20:49:30', '284', '6', '0.00000', null, '', '2018', '0', '2019-10-22 20:49:30');
INSERT INTO `data_record` VALUES ('2209', '46', '2019-10-22 20:49:30', '174', '7', '0.00000', null, '', '2018', '0', '2019-10-22 20:49:30');
INSERT INTO `data_record` VALUES ('2210', '46', '2019-10-22 20:49:30', '164', '6', '0.00000', null, '', '2018', '0', '2019-10-22 20:49:30');
INSERT INTO `data_record` VALUES ('2211', '46', '2019-10-22 20:49:30', '165', '6', '0.00000', null, '', '2018', '0', '2019-10-22 20:49:30');
INSERT INTO `data_record` VALUES ('2212', '46', '2019-10-22 20:49:30', '276', '5', '1767220.00000', null, null, '2018', '0', '2019-10-22 20:49:30');
INSERT INTO `data_record` VALUES ('2213', '46', '2019-10-22 20:49:30', '166', '6', '0.00000', null, '', '2018', '0', '2019-10-22 20:49:30');
INSERT INTO `data_record` VALUES ('2214', '46', '2019-10-22 20:49:30', '156', '1', '3884.00000', null, '', '2018', '0', '2019-10-22 20:49:30');
INSERT INTO `data_record` VALUES ('2215', '46', '2019-10-22 20:49:30', '167', '6', '0.00000', null, '', '2018', '0', '2019-10-22 20:49:30');
INSERT INTO `data_record` VALUES ('2216', '46', '2019-10-22 20:49:30', '157', '2', '2062.39990', null, null, '2018', '0', '2019-10-22 20:49:30');
INSERT INTO `data_record` VALUES ('2217', '46', '2019-10-22 20:49:30', '168', '6', '0.00000', null, '', '2018', '0', '2019-10-22 20:49:30');
INSERT INTO `data_record` VALUES ('2218', '46', '2019-10-22 20:49:30', '169', '7', '0.00000', null, '', '2018', '0', '2019-10-22 20:49:30');
INSERT INTO `data_record` VALUES ('2219', '46', '2019-10-22 20:49:30', '315', '14', '3884.00000', null, '', '2018', '0', '2019-10-22 20:49:30');
INSERT INTO `data_record` VALUES ('2220', '46', '2019-10-22 20:49:30', '316', '14', '228.00000', null, '', '2018', '0', '2019-10-22 20:49:30');
INSERT INTO `data_record` VALUES ('2221', '46', '2019-10-22 20:49:30', '317', '14', '30.00000', null, '', '2018', '0', '2019-10-22 20:49:30');
INSERT INTO `data_record` VALUES ('2222', '46', '2019-10-22 20:49:30', '318', '14', '0.00000', null, '', '2018', '0', '2019-10-22 20:49:30');
INSERT INTO `data_record` VALUES ('2223', '47', '2019-10-22 20:56:00', '170', '7', '96.00000', null, '', '2018', '0', '2019-10-22 20:56:00');
INSERT INTO `data_record` VALUES ('2224', '47', '2019-10-22 20:56:00', '171', '7', '15.00000', null, '', '2018', '0', '2019-10-22 20:56:00');
INSERT INTO `data_record` VALUES ('2225', '47', '2019-10-22 20:56:00', '172', '7', '3.00000', null, '', '2018', '0', '2019-10-22 20:56:00');
INSERT INTO `data_record` VALUES ('2226', '47', '2019-10-22 20:56:00', '173', '7', '2.80000', null, '', '2018', '0', '2019-10-22 20:56:00');
INSERT INTO `data_record` VALUES ('2227', '47', '2019-10-22 20:56:00', '174', '7', '0.00000', null, '', '2018', '0', '2019-10-22 20:56:00');
INSERT INTO `data_record` VALUES ('2228', '47', '2019-10-22 20:56:00', '276', '5', '786.00000', null, null, '2018', '0', '2019-10-22 20:56:00');
INSERT INTO `data_record` VALUES ('2229', '47', '2019-10-22 20:56:00', '156', '1', '80000.00000', null, '', '2018', '0', '2019-10-22 20:56:00');
INSERT INTO `data_record` VALUES ('2230', '47', '2019-10-22 20:56:00', '157', '2', '91130.00000', null, null, '2018', '0', '2019-10-22 20:56:00');
INSERT INTO `data_record` VALUES ('2231', '47', '2019-10-22 20:56:00', '256', '5', '8434.00000', null, null, '2018', '0', '2019-10-22 20:56:00');
INSERT INTO `data_record` VALUES ('2232', '47', '2019-10-22 20:56:00', '315', '14', '5938.00000', null, '', '2018', '0', '2019-10-22 20:56:00');
INSERT INTO `data_record` VALUES ('2233', '47', '2019-10-22 20:56:00', '316', '14', '309.00000', null, '', '2018', '0', '2019-10-22 20:56:00');
INSERT INTO `data_record` VALUES ('2234', '47', '2019-10-22 20:56:00', '317', '14', '30.00000', null, '', '2018', '0', '2019-10-22 20:56:00');
INSERT INTO `data_record` VALUES ('2235', '47', '2019-10-22 20:56:00', '318', '14', '0.00000', null, '', '2018', '0', '2019-10-22 20:56:00');
INSERT INTO `data_record` VALUES ('2236', '47', '2019-10-22 20:56:00', '280', '2', '47413.00000', null, null, '2018', '0', '2019-10-22 20:56:00');
INSERT INTO `data_record` VALUES ('2237', '47', '2019-10-22 20:56:00', '160', '4', '76.00000', null, '', '2018', '0', '2019-10-22 20:56:00');
INSERT INTO `data_record` VALUES ('2238', '47', '2019-10-22 20:56:00', '282', '2', '950.00000', null, null, '2018', '0', '2019-10-22 20:56:00');
INSERT INTO `data_record` VALUES ('2239', '47', '2019-10-22 20:56:00', '283', '6', '0.00000', null, '', '2018', '0', '2019-10-22 20:56:00');
INSERT INTO `data_record` VALUES ('2240', '47', '2019-10-22 20:56:00', '284', '6', '0.00000', null, '', '2018', '0', '2019-10-22 20:56:00');
INSERT INTO `data_record` VALUES ('2241', '47', '2019-10-22 20:56:00', '164', '6', '1305892736.00000', null, '', '2018', '0', '2019-10-22 20:56:00');
INSERT INTO `data_record` VALUES ('2242', '47', '2019-10-22 20:56:00', '165', '6', '50.00000', null, '', '2018', '0', '2019-10-22 20:56:00');
INSERT INTO `data_record` VALUES ('2243', '47', '2019-10-22 20:56:00', '166', '6', '120.00000', null, '', '2018', '0', '2019-10-22 20:56:00');
INSERT INTO `data_record` VALUES ('2244', '47', '2019-10-22 20:56:00', '167', '6', '9.00000', null, '', '2018', '0', '2019-10-22 20:56:00');
INSERT INTO `data_record` VALUES ('2245', '47', '2019-10-22 20:56:00', '168', '6', '0.00000', null, '', '2018', '0', '2019-10-22 20:56:00');
INSERT INTO `data_record` VALUES ('2246', '47', '2019-10-22 20:56:00', '169', '7', '297400000.00000', null, '', '2018', '0', '2019-10-22 20:56:00');
INSERT INTO `data_record` VALUES ('2247', '47', '2019-10-22 20:56:00', '269', '5', '11089.00000', null, null, '2018', '0', '2019-10-22 20:56:00');
INSERT INTO `data_record` VALUES ('2248', '48', '2019-10-22 21:02:24', '240', '6', '4.50000', null, '', '2018', '0', '2019-10-22 21:02:24');
INSERT INTO `data_record` VALUES ('2249', '48', '2019-10-22 21:02:24', '230', '4', '4000.00000', null, '', '2018', '0', '2019-10-22 21:02:24');
INSERT INTO `data_record` VALUES ('2250', '48', '2019-10-22 21:02:24', '241', '6', '0.00000', null, '', '2018', '0', '2019-10-22 21:02:24');
INSERT INTO `data_record` VALUES ('2251', '48', '2019-10-22 21:02:24', '242', '7', '1000.00000', null, '', '2018', '0', '2019-10-22 21:02:24');
INSERT INTO `data_record` VALUES ('2252', '48', '2019-10-22 21:02:24', '276', '5', '3400000.00000', null, null, '2018', '0', '2019-10-22 21:02:24');
INSERT INTO `data_record` VALUES ('2253', '48', '2019-10-22 21:02:24', '243', '7', '112.00000', null, '', '2018', '0', '2019-10-22 21:02:24');
INSERT INTO `data_record` VALUES ('2254', '48', '2019-10-22 21:02:24', '310', '6', '0.00000', null, '', '2018', '0', '2019-10-22 21:02:24');
INSERT INTO `data_record` VALUES ('2255', '48', '2019-10-22 21:02:24', '244', '7', '18.00000', null, '', '2018', '0', '2019-10-22 21:02:24');
INSERT INTO `data_record` VALUES ('2256', '48', '2019-10-22 21:02:24', '237', '6', '50000000.00000', null, '0.5 t/a', '2018', '0', '2019-10-22 21:02:24');
INSERT INTO `data_record` VALUES ('2257', '48', '2019-10-22 21:02:24', '227', '1', '4000.00000', null, '', '2018', '0', '2019-10-22 21:02:24');
INSERT INTO `data_record` VALUES ('2258', '48', '2019-10-22 21:02:24', '238', '6', '5.00000', null, '', '2018', '0', '2019-10-22 21:02:24');
INSERT INTO `data_record` VALUES ('2259', '48', '2019-10-22 21:02:24', '228', '2', '5000.00000', null, null, '2018', '0', '2019-10-22 21:02:24');
INSERT INTO `data_record` VALUES ('2260', '48', '2019-10-22 21:02:24', '239', '6', '0.00400', null, '', '2018', '0', '2019-10-22 21:02:24');
INSERT INTO `data_record` VALUES ('2261', '48', '2019-10-22 21:02:24', '306', '2', '420.00000', null, null, '2018', '0', '2019-10-22 21:02:24');
INSERT INTO `data_record` VALUES ('2262', '48', '2019-10-22 21:02:24', '307', '2', '30.00000', null, null, '2018', '0', '2019-10-22 21:02:24');
INSERT INTO `data_record` VALUES ('2263', '48', '2019-10-22 21:02:24', '308', '2', '20.00000', null, null, '2018', '0', '2019-10-22 21:02:24');
INSERT INTO `data_record` VALUES ('2264', '48', '2019-10-22 21:02:24', '309', '6', '0.00000', null, '', '2018', '0', '2019-10-22 21:02:24');
INSERT INTO `data_record` VALUES ('2265', '16', '2019-10-22 21:10:07', '291', '2', '4332.70020', null, null, '2016', '0', '2019-10-22 21:10:07');
INSERT INTO `data_record` VALUES ('2266', '16', '2019-10-22 21:10:07', '294', '2', '750.50000', null, null, '2016', '0', '2019-10-22 21:10:07');
INSERT INTO `data_record` VALUES ('2267', '16', '2019-10-22 21:10:07', '296', '6', '0.00000', null, '', '2016', '0', '2019-10-22 21:10:07');
INSERT INTO `data_record` VALUES ('2268', '16', '2019-10-22 21:10:07', '275', '5', '451261.03125', null, null, '2016', '0', '2019-10-22 21:10:07');
INSERT INTO `data_record` VALUES ('2269', '16', '2019-10-22 21:10:07', '297', '6', '0.00000', null, '', '2016', '0', '2019-10-22 21:10:07');
INSERT INTO `data_record` VALUES ('2270', '16', '2019-10-22 21:10:07', '210', '2', '7480.62012', null, null, '2016', '0', '2019-10-22 21:10:07');
INSERT INTO `data_record` VALUES ('2271', '16', '2019-10-22 21:10:07', '276', '5', '158430576.00000', null, null, '2016', '0', '2019-10-22 21:10:07');
INSERT INTO `data_record` VALUES ('2272', '16', '2019-10-22 21:10:07', '298', '6', '0.00000', null, '', '2016', '0', '2019-10-22 21:10:07');
INSERT INTO `data_record` VALUES ('2273', '16', '2019-10-22 21:10:07', '211', '2', '53337.39844', null, null, '2016', '0', '2019-10-22 21:10:07');
INSERT INTO `data_record` VALUES ('2274', '16', '2019-10-22 21:10:07', '299', '7', '0.00000', null, '', '2016', '0', '2019-10-22 21:10:07');
INSERT INTO `data_record` VALUES ('2275', '16', '2019-10-22 21:10:07', '212', '4', '3701485.00000', null, '', '2016', '0', '2019-10-22 21:10:07');
INSERT INTO `data_record` VALUES ('2276', '16', '2019-10-22 21:10:07', '219', '6', '0.00000', null, '', '2016', '0', '2019-10-22 21:10:07');
INSERT INTO `data_record` VALUES ('2277', '16', '2019-10-22 21:10:07', '260', '5', '591.00000', null, null, '2016', '0', '2019-10-22 21:10:07');
INSERT INTO `data_record` VALUES ('2278', '16', '2019-10-22 21:10:07', '261', '5', '205.20000', null, null, '2016', '0', '2019-10-22 21:10:07');
INSERT INTO `data_record` VALUES ('2279', '16', '2019-10-22 21:10:07', '220', '6', '0.00000', null, '', '2016', '0', '2019-10-22 21:10:07');
INSERT INTO `data_record` VALUES ('2280', '16', '2019-10-22 21:10:07', '221', '6', '0.00000', null, '', '2016', '0', '2019-10-22 21:10:07');
INSERT INTO `data_record` VALUES ('2281', '16', '2019-10-22 21:10:07', '222', '6', '0.00000', null, '', '2016', '0', '2019-10-22 21:10:07');
INSERT INTO `data_record` VALUES ('2282', '16', '2019-10-22 21:10:07', '223', '6', '18.00000', null, '', '2016', '0', '2019-10-22 21:10:07');
INSERT INTO `data_record` VALUES ('2283', '16', '2019-10-22 21:10:07', '300', '7', '0.00000', null, '', '2016', '0', '2019-10-22 21:10:07');
INSERT INTO `data_record` VALUES ('2284', '16', '2019-10-22 21:10:07', '224', '6', '0.00000', null, '', '2016', '0', '2019-10-22 21:10:07');
INSERT INTO `data_record` VALUES ('2285', '16', '2019-10-22 21:10:07', '301', '7', '0.00000', null, '', '2016', '0', '2019-10-22 21:10:07');
INSERT INTO `data_record` VALUES ('2286', '16', '2019-10-22 21:10:07', '302', '7', '0.00000', null, '', '2016', '0', '2019-10-22 21:10:07');
INSERT INTO `data_record` VALUES ('2287', '16', '2019-10-22 21:10:07', '225', '8', '8285.00000', null, '', '2016', '0', '2019-10-22 21:10:07');
INSERT INTO `data_record` VALUES ('2288', '16', '2019-10-22 21:10:07', '204', '1', '81657.00000', null, '', '2016', '0', '2019-10-22 21:10:07');
INSERT INTO `data_record` VALUES ('2289', '16', '2019-10-22 21:10:07', '248', '5', '220455.00000', null, null, '2016', '0', '2019-10-22 21:10:07');
INSERT INTO `data_record` VALUES ('2290', '16', '2019-10-22 21:10:07', '303', '7', '0.00000', null, '', '2016', '0', '2019-10-22 21:10:07');
INSERT INTO `data_record` VALUES ('2291', '16', '2019-10-22 21:10:07', '226', '8', '0.00000', null, '', '2016', '0', '2019-10-22 21:10:07');
INSERT INTO `data_record` VALUES ('2292', '16', '2019-10-22 21:10:07', '304', '7', '0.00000', null, '', '2016', '0', '2019-10-22 21:10:07');
INSERT INTO `data_record` VALUES ('2293', '16', '2019-10-22 21:10:07', '206', '2', '147564.95312', null, null, '2016', '0', '2019-10-22 21:10:07');
INSERT INTO `data_record` VALUES ('2294', '16', '2019-10-22 21:10:07', '305', '7', '0.00000', null, '', '2016', '0', '2019-10-22 21:10:07');
INSERT INTO `data_record` VALUES ('2295', '16', '2019-10-22 21:10:07', '207', '2', '38692.78906', null, null, '2016', '0', '2019-10-22 21:10:07');
INSERT INTO `data_record` VALUES ('2296', '16', '2019-10-22 21:10:07', '208', '2', '90798.14062', null, null, '2016', '0', '2019-10-22 21:10:07');
INSERT INTO `data_record` VALUES ('2297', '16', '2019-10-22 21:10:07', '209', '2', '2236.13989', null, null, '2016', '0', '2019-10-22 21:10:07');
INSERT INTO `data_record` VALUES ('2298', '15', '2019-10-22 21:16:02', '296', '6', '0.00000', null, '', '2016', '0', '2019-10-22 21:16:02');
INSERT INTO `data_record` VALUES ('2299', '15', '2019-10-22 21:16:02', '220', '6', '0.00000', null, '', '2016', '0', '2019-10-22 21:16:02');
INSERT INTO `data_record` VALUES ('2300', '15', '2019-10-22 21:16:02', '297', '6', '0.00000', null, '', '2016', '0', '2019-10-22 21:16:02');
INSERT INTO `data_record` VALUES ('2301', '15', '2019-10-22 21:16:02', '221', '6', '0.00000', null, '', '2016', '0', '2019-10-22 21:16:02');
INSERT INTO `data_record` VALUES ('2302', '15', '2019-10-22 21:16:02', '298', '6', '0.00000', null, '', '2016', '0', '2019-10-22 21:16:02');
INSERT INTO `data_record` VALUES ('2303', '15', '2019-10-22 21:16:02', '222', '6', '0.00000', null, '', '2016', '0', '2019-10-22 21:16:02');
INSERT INTO `data_record` VALUES ('2304', '15', '2019-10-22 21:16:02', '299', '7', '0.00000', null, '', '2016', '0', '2019-10-22 21:16:02');
INSERT INTO `data_record` VALUES ('2305', '15', '2019-10-22 21:16:02', '212', '4', '0.00000', null, '', '2016', '0', '2019-10-22 21:16:02');
INSERT INTO `data_record` VALUES ('2306', '15', '2019-10-22 21:16:02', '223', '6', '0.00000', null, '', '2016', '0', '2019-10-22 21:16:02');
INSERT INTO `data_record` VALUES ('2307', '15', '2019-10-22 21:16:02', '300', '7', '0.00000', null, '', '2016', '0', '2019-10-22 21:16:02');
INSERT INTO `data_record` VALUES ('2308', '15', '2019-10-22 21:16:02', '224', '6', '0.00000', null, '', '2016', '0', '2019-10-22 21:16:02');
INSERT INTO `data_record` VALUES ('2309', '15', '2019-10-22 21:16:02', '301', '7', '0.00000', null, '', '2016', '0', '2019-10-22 21:16:02');
INSERT INTO `data_record` VALUES ('2310', '15', '2019-10-22 21:16:02', '302', '7', '0.00000', null, '', '2016', '0', '2019-10-22 21:16:02');
INSERT INTO `data_record` VALUES ('2311', '15', '2019-10-22 21:16:02', '225', '8', '0.00000', null, '', '2016', '0', '2019-10-22 21:16:02');
INSERT INTO `data_record` VALUES ('2312', '15', '2019-10-22 21:16:02', '303', '7', '0.00000', null, '', '2016', '0', '2019-10-22 21:16:02');
INSERT INTO `data_record` VALUES ('2313', '15', '2019-10-22 21:16:02', '226', '8', '0.00000', null, '', '2016', '0', '2019-10-22 21:16:02');
INSERT INTO `data_record` VALUES ('2314', '15', '2019-10-22 21:16:02', '205', '1', '305737.00000', null, '', '2016', '0', '2019-10-22 21:16:02');
INSERT INTO `data_record` VALUES ('2315', '15', '2019-10-22 21:16:02', '304', '7', '0.00000', null, '', '2016', '0', '2019-10-22 21:16:02');
INSERT INTO `data_record` VALUES ('2316', '15', '2019-10-22 21:16:02', '305', '7', '0.00000', null, '', '2016', '0', '2019-10-22 21:16:02');
INSERT INTO `data_record` VALUES ('2317', '15', '2019-10-22 21:16:02', '219', '6', '0.00000', null, '', '2016', '0', '2019-10-22 21:16:02');
INSERT INTO `data_record` VALUES ('2318', '15', '2019-10-22 21:16:02', '209', '2', '18778.02930', null, null, '2016', '0', '2019-10-22 21:16:02');
INSERT INTO `data_record` VALUES ('2319', '49', '2019-10-22 21:47:29', '99', '6', '0.00000', null, '', '2018', '0', '2019-10-22 21:47:29');
INSERT INTO `data_record` VALUES ('2320', '49', '2019-10-22 21:47:29', '89', '1', '600.00000', null, '', '2018', '0', '2019-10-22 21:47:29');
INSERT INTO `data_record` VALUES ('2321', '49', '2019-10-22 21:47:29', '286', '6', '0.00000', null, '', '2018', '0', '2019-10-22 21:47:29');
INSERT INTO `data_record` VALUES ('2322', '49', '2019-10-22 21:47:29', '287', '6', '0.00000', null, '', '2018', '0', '2019-10-22 21:47:29');
INSERT INTO `data_record` VALUES ('2323', '49', '2019-10-22 21:47:29', '100', '7', '0.00000', null, '', '2018', '0', '2019-10-22 21:47:29');
INSERT INTO `data_record` VALUES ('2324', '49', '2019-10-22 21:47:29', '288', '6', '0.00000', null, '', '2018', '0', '2019-10-22 21:47:29');
INSERT INTO `data_record` VALUES ('2325', '49', '2019-10-22 21:47:29', '101', '7', '0.00000', null, '', '2018', '0', '2019-10-22 21:47:29');
INSERT INTO `data_record` VALUES ('2326', '49', '2019-10-22 21:47:29', '311', '13', '0.00000', null, '', '2018', '0', '2019-10-22 21:47:29');
INSERT INTO `data_record` VALUES ('2327', '49', '2019-10-22 21:47:29', '289', '6', '0.00000', null, '', '2018', '0', '2019-10-22 21:47:29');
INSERT INTO `data_record` VALUES ('2328', '49', '2019-10-22 21:47:29', '102', '7', '0.00000', null, '', '2018', '0', '2019-10-22 21:47:29');
INSERT INTO `data_record` VALUES ('2329', '49', '2019-10-22 21:47:29', '312', '13', '0.00000', null, '', '2018', '0', '2019-10-22 21:47:29');
INSERT INTO `data_record` VALUES ('2330', '49', '2019-10-22 21:47:29', '103', '7', '0.00000', null, '', '2018', '0', '2019-10-22 21:47:29');
INSERT INTO `data_record` VALUES ('2331', '49', '2019-10-22 21:47:29', '313', '13', '0.00000', null, '', '2018', '0', '2019-10-22 21:47:29');
INSERT INTO `data_record` VALUES ('2332', '49', '2019-10-22 21:47:29', '104', '7', '0.00000', null, '', '2018', '0', '2019-10-22 21:47:29');
INSERT INTO `data_record` VALUES ('2333', '49', '2019-10-22 21:47:29', '314', '13', '0.00000', null, '', '2018', '0', '2019-10-22 21:47:29');
INSERT INTO `data_record` VALUES ('2334', '49', '2019-10-22 21:47:29', '93', '4', '0.00000', null, '', '2018', '0', '2019-10-22 21:47:29');
INSERT INTO `data_record` VALUES ('2335', '49', '2019-10-22 21:47:29', '97', '6', '0.00000', null, '', '2018', '0', '2019-10-22 21:47:29');
INSERT INTO `data_record` VALUES ('2336', '49', '2019-10-22 21:47:29', '98', '6', '0.00000', null, '', '2018', '0', '2019-10-22 21:47:29');
INSERT INTO `data_record` VALUES ('2337', '49', '2019-10-23 07:27:18', '99', '6', '0.00000', null, '', '2018', '0', '2019-10-23 07:27:18');
INSERT INTO `data_record` VALUES ('2338', '49', '2019-10-23 07:27:18', '89', '1', '600.00000', null, '', '2018', '0', '2019-10-23 07:27:18');
INSERT INTO `data_record` VALUES ('2339', '49', '2019-10-23 07:27:18', '286', '6', '0.00000', null, '', '2018', '0', '2019-10-23 07:27:18');
INSERT INTO `data_record` VALUES ('2340', '49', '2019-10-23 07:27:18', '287', '6', '0.00000', null, '', '2018', '0', '2019-10-23 07:27:18');
INSERT INTO `data_record` VALUES ('2341', '49', '2019-10-23 07:27:18', '100', '7', '0.00000', null, '', '2018', '0', '2019-10-23 07:27:18');
INSERT INTO `data_record` VALUES ('2342', '49', '2019-10-23 07:27:18', '288', '6', '0.00000', null, '', '2018', '0', '2019-10-23 07:27:18');
INSERT INTO `data_record` VALUES ('2343', '49', '2019-10-23 07:27:18', '101', '7', '0.00000', null, '', '2018', '0', '2019-10-23 07:27:18');
INSERT INTO `data_record` VALUES ('2344', '49', '2019-10-23 07:27:18', '311', '13', '0.00000', null, '', '2018', '0', '2019-10-23 07:27:18');
INSERT INTO `data_record` VALUES ('2345', '49', '2019-10-23 07:27:18', '289', '6', '0.00000', null, '', '2018', '0', '2019-10-23 07:27:18');
INSERT INTO `data_record` VALUES ('2346', '49', '2019-10-23 07:27:18', '102', '7', '0.00000', null, '', '2018', '0', '2019-10-23 07:27:18');
INSERT INTO `data_record` VALUES ('2347', '49', '2019-10-23 07:27:18', '312', '13', '0.00000', null, '', '2018', '0', '2019-10-23 07:27:18');
INSERT INTO `data_record` VALUES ('2348', '49', '2019-10-23 07:27:18', '103', '7', '0.00000', null, '', '2018', '0', '2019-10-23 07:27:18');
INSERT INTO `data_record` VALUES ('2349', '49', '2019-10-23 07:27:18', '313', '13', '0.00000', null, '', '2018', '0', '2019-10-23 07:27:18');
INSERT INTO `data_record` VALUES ('2350', '49', '2019-10-23 07:27:18', '104', '7', '0.00000', null, '', '2018', '0', '2019-10-23 07:27:18');
INSERT INTO `data_record` VALUES ('2351', '49', '2019-10-23 07:27:18', '314', '13', '0.00000', null, '', '2018', '0', '2019-10-23 07:27:18');
INSERT INTO `data_record` VALUES ('2352', '49', '2019-10-23 07:27:18', '93', '4', '0.00000', null, '', '2018', '0', '2019-10-23 07:27:18');
INSERT INTO `data_record` VALUES ('2353', '49', '2019-10-23 07:27:18', '97', '6', '0.00000', null, '', '2018', '0', '2019-10-23 07:27:18');
INSERT INTO `data_record` VALUES ('2354', '49', '2019-10-23 07:27:18', '98', '6', '0.00000', null, '', '2018', '0', '2019-10-23 07:27:18');
INSERT INTO `data_record` VALUES ('2355', '49', '2019-10-23 07:27:43', '99', '6', '0.00000', null, '', '2018', '0', '2019-10-23 07:27:43');
INSERT INTO `data_record` VALUES ('2356', '49', '2019-10-23 07:27:43', '89', '1', '600.00000', null, '', '2018', '0', '2019-10-23 07:27:43');
INSERT INTO `data_record` VALUES ('2357', '49', '2019-10-23 07:27:43', '286', '6', '0.00000', null, '', '2018', '0', '2019-10-23 07:27:43');
INSERT INTO `data_record` VALUES ('2358', '49', '2019-10-23 07:27:43', '287', '6', '89.00000', null, '', '2018', '0', '2019-10-23 07:27:43');
INSERT INTO `data_record` VALUES ('2359', '49', '2019-10-23 07:27:43', '100', '7', '0.24000', null, '', '2018', '0', '2019-10-23 07:27:43');
INSERT INTO `data_record` VALUES ('2360', '49', '2019-10-23 07:27:43', '288', '6', '0.00000', null, '', '2018', '0', '2019-10-23 07:27:43');
INSERT INTO `data_record` VALUES ('2361', '49', '2019-10-23 07:27:43', '101', '7', '0.00000', null, '', '2018', '0', '2019-10-23 07:27:43');
INSERT INTO `data_record` VALUES ('2362', '49', '2019-10-23 07:27:43', '311', '13', '0.00000', null, '', '2018', '0', '2019-10-23 07:27:43');
INSERT INTO `data_record` VALUES ('2363', '49', '2019-10-23 07:27:43', '289', '6', '0.00000', null, '', '2018', '0', '2019-10-23 07:27:43');
INSERT INTO `data_record` VALUES ('2364', '49', '2019-10-23 07:27:43', '102', '7', '0.00000', null, '', '2018', '0', '2019-10-23 07:27:43');
INSERT INTO `data_record` VALUES ('2365', '49', '2019-10-23 07:27:43', '312', '13', '700.00000', null, '', '2018', '0', '2019-10-23 07:27:43');
INSERT INTO `data_record` VALUES ('2366', '49', '2019-10-23 07:27:43', '103', '7', '0.00000', null, '', '2018', '0', '2019-10-23 07:27:43');
INSERT INTO `data_record` VALUES ('2367', '49', '2019-10-23 07:27:43', '313', '13', '0.00000', null, '', '2018', '0', '2019-10-23 07:27:43');
INSERT INTO `data_record` VALUES ('2368', '49', '2019-10-23 07:27:43', '104', '7', '0.00000', null, '', '2018', '0', '2019-10-23 07:27:43');
INSERT INTO `data_record` VALUES ('2369', '49', '2019-10-23 07:27:43', '314', '13', '0.00000', null, '', '2018', '0', '2019-10-23 07:27:43');
INSERT INTO `data_record` VALUES ('2370', '49', '2019-10-23 07:27:43', '93', '4', '70.00000', null, '', '2018', '0', '2019-10-23 07:27:43');
INSERT INTO `data_record` VALUES ('2371', '49', '2019-10-23 07:27:43', '97', '6', '0.00000', null, '', '2018', '0', '2019-10-23 07:27:43');
INSERT INTO `data_record` VALUES ('2372', '49', '2019-10-23 07:27:43', '98', '6', '0.00000', null, '', '2018', '0', '2019-10-23 07:27:43');
INSERT INTO `data_record` VALUES ('2373', '30', '2019-10-23 10:00:18', '22', '7', '0.00000', null, '', '2018', '0', '2019-10-23 10:00:18');
INSERT INTO `data_record` VALUES ('2374', '30', '2019-10-23 10:00:18', '23', '7', '0.00000', null, '', '2018', '0', '2019-10-23 10:00:18');
INSERT INTO `data_record` VALUES ('2375', '30', '2019-10-23 10:00:18', '24', '7', '0.00000', null, '', '2018', '0', '2019-10-23 10:00:18');
INSERT INTO `data_record` VALUES ('2376', '30', '2019-10-23 10:00:18', '25', '7', '0.00000', null, '', '2018', '0', '2019-10-23 10:00:18');
INSERT INTO `data_record` VALUES ('2377', '30', '2019-10-23 10:00:18', '26', '7', '0.00000', null, '', '2018', '0', '2019-10-23 10:00:18');
INSERT INTO `data_record` VALUES ('2378', '30', '2019-10-23 10:00:18', '27', '7', '0.00000', null, '', '2018', '0', '2019-10-23 10:00:18');
INSERT INTO `data_record` VALUES ('2379', '30', '2019-10-23 10:00:18', '28', '7', '0.00000', null, '', '2018', '0', '2019-10-23 10:00:18');
INSERT INTO `data_record` VALUES ('2380', '30', '2019-10-23 10:00:18', '29', '7', '0.00000', null, '', '2018', '0', '2019-10-23 10:00:18');
INSERT INTO `data_record` VALUES ('2381', '30', '2019-10-23 10:00:18', '311', '13', '0.00000', null, '', '2018', '0', '2019-10-23 10:00:18');
INSERT INTO `data_record` VALUES ('2382', '30', '2019-10-23 10:00:18', '312', '13', '0.00000', null, '', '2018', '0', '2019-10-23 10:00:18');
INSERT INTO `data_record` VALUES ('2383', '30', '2019-10-23 10:00:18', '313', '13', '0.00000', null, '', '2018', '0', '2019-10-23 10:00:18');
INSERT INTO `data_record` VALUES ('2384', '30', '2019-10-23 10:00:18', '314', '13', '0.00000', null, '', '2018', '0', '2019-10-23 10:00:18');
INSERT INTO `data_record` VALUES ('2385', '30', '2019-10-23 10:00:18', '11', '6', '0.00000', null, '', '2018', '0', '2019-10-23 10:00:18');
INSERT INTO `data_record` VALUES ('2386', '30', '2019-10-23 10:00:18', '12', '6', '0.00000', null, '', '2018', '0', '2019-10-23 10:00:18');
INSERT INTO `data_record` VALUES ('2387', '30', '2019-10-23 10:00:18', '13', '6', '0.00000', null, '', '2018', '0', '2019-10-23 10:00:18');
INSERT INTO `data_record` VALUES ('2388', '30', '2019-10-23 10:00:18', '35', '7', '0.00000', null, '', '2018', '0', '2019-10-23 10:00:18');
INSERT INTO `data_record` VALUES ('2389', '30', '2019-10-23 10:00:18', '14', '6', '0.00000', null, '', '2018', '0', '2019-10-23 10:00:18');
INSERT INTO `data_record` VALUES ('2390', '30', '2019-10-23 10:00:18', '15', '6', '0.00000', null, '', '2018', '0', '2019-10-23 10:00:18');
INSERT INTO `data_record` VALUES ('2391', '30', '2019-10-23 10:00:18', '16', '6', '0.00000', null, '', '2018', '0', '2019-10-23 10:00:18');
INSERT INTO `data_record` VALUES ('2392', '30', '2019-10-23 10:00:18', '18', '6', '0.00000', null, '', '2018', '0', '2019-10-23 10:00:18');
INSERT INTO `data_record` VALUES ('2393', '30', '2019-10-23 10:00:18', '19', '6', '0.00000', null, '', '2018', '0', '2019-10-23 10:00:18');
INSERT INTO `data_record` VALUES ('2394', '30', '2019-10-23 10:00:18', '1', '1', '0.00000', null, '', '2018', '0', '2019-10-23 10:00:18');
INSERT INTO `data_record` VALUES ('2395', '30', '2019-10-23 10:00:18', '7', '4', '0.00000', null, '', '2018', '0', '2019-10-23 10:00:18');
INSERT INTO `data_record` VALUES ('2396', '30', '2019-10-23 10:00:18', '40', '7', '0.00000', null, '', '2018', '0', '2019-10-23 10:00:18');
INSERT INTO `data_record` VALUES ('2397', '30', '2019-10-23 10:00:18', '41', '7', '0.00000', null, '', '2018', '0', '2019-10-23 10:00:18');
INSERT INTO `data_record` VALUES ('2398', '30', '2019-10-23 10:00:18', '42', '8', '0.00000', null, '', '2018', '0', '2019-10-23 10:00:18');
INSERT INTO `data_record` VALUES ('2399', '30', '2019-10-23 10:00:18', '21', '7', '0.00000', null, '', '2018', '0', '2019-10-23 10:00:18');
INSERT INTO `data_record` VALUES ('2400', '30', '2019-10-23 10:00:18', '43', '8', '0.00000', null, '', '2018', '0', '2019-10-23 10:00:18');
INSERT INTO `data_record` VALUES ('2401', '30', '2019-10-23 10:00:35', '22', '7', '0.00000', null, '', '2018', '0', '2019-10-23 10:00:35');
INSERT INTO `data_record` VALUES ('2402', '30', '2019-10-23 10:00:35', '23', '7', '0.00000', null, '', '2018', '0', '2019-10-23 10:00:35');
INSERT INTO `data_record` VALUES ('2403', '30', '2019-10-23 10:00:35', '24', '7', '0.00000', null, '', '2018', '0', '2019-10-23 10:00:35');
INSERT INTO `data_record` VALUES ('2404', '30', '2019-10-23 10:00:35', '25', '7', '0.00000', null, '', '2018', '0', '2019-10-23 10:00:35');
INSERT INTO `data_record` VALUES ('2405', '30', '2019-10-23 10:00:35', '26', '7', '0.00000', null, '', '2018', '0', '2019-10-23 10:00:35');
INSERT INTO `data_record` VALUES ('2406', '30', '2019-10-23 10:00:35', '27', '7', '0.00000', null, '', '2018', '0', '2019-10-23 10:00:35');
INSERT INTO `data_record` VALUES ('2407', '30', '2019-10-23 10:00:35', '28', '7', '0.00000', null, '', '2018', '0', '2019-10-23 10:00:35');
INSERT INTO `data_record` VALUES ('2408', '30', '2019-10-23 10:00:35', '29', '7', '0.00000', null, '', '2018', '0', '2019-10-23 10:00:35');
INSERT INTO `data_record` VALUES ('2409', '30', '2019-10-23 10:00:35', '311', '13', '0.00000', null, '', '2018', '0', '2019-10-23 10:00:35');
INSERT INTO `data_record` VALUES ('2410', '30', '2019-10-23 10:00:35', '312', '13', '0.00000', null, '', '2018', '0', '2019-10-23 10:00:35');
INSERT INTO `data_record` VALUES ('2411', '30', '2019-10-23 10:00:35', '313', '13', '0.00000', null, '', '2018', '0', '2019-10-23 10:00:35');
INSERT INTO `data_record` VALUES ('2412', '30', '2019-10-23 10:00:35', '314', '13', '0.00000', null, '', '2018', '0', '2019-10-23 10:00:35');
INSERT INTO `data_record` VALUES ('2413', '30', '2019-10-23 10:00:35', '11', '6', '0.00000', null, '', '2018', '0', '2019-10-23 10:00:35');
INSERT INTO `data_record` VALUES ('2414', '30', '2019-10-23 10:00:35', '12', '6', '0.00000', null, '', '2018', '0', '2019-10-23 10:00:35');
INSERT INTO `data_record` VALUES ('2415', '30', '2019-10-23 10:00:35', '13', '6', '0.00000', null, '', '2018', '0', '2019-10-23 10:00:35');
INSERT INTO `data_record` VALUES ('2416', '30', '2019-10-23 10:00:35', '35', '7', '0.00000', null, '', '2018', '0', '2019-10-23 10:00:35');
INSERT INTO `data_record` VALUES ('2417', '30', '2019-10-23 10:00:35', '14', '6', '0.00000', null, '', '2018', '0', '2019-10-23 10:00:35');
INSERT INTO `data_record` VALUES ('2418', '30', '2019-10-23 10:00:35', '15', '6', '0.00000', null, '', '2018', '0', '2019-10-23 10:00:35');
INSERT INTO `data_record` VALUES ('2419', '30', '2019-10-23 10:00:35', '16', '6', '0.00000', null, '', '2018', '0', '2019-10-23 10:00:35');
INSERT INTO `data_record` VALUES ('2420', '30', '2019-10-23 10:00:35', '18', '6', '0.00000', null, '', '2018', '0', '2019-10-23 10:00:35');
INSERT INTO `data_record` VALUES ('2421', '30', '2019-10-23 10:00:35', '19', '6', '0.00000', null, '', '2018', '0', '2019-10-23 10:00:35');
INSERT INTO `data_record` VALUES ('2422', '30', '2019-10-23 10:00:35', '1', '1', '0.00000', null, '', '2018', '0', '2019-10-23 10:00:35');
INSERT INTO `data_record` VALUES ('2423', '30', '2019-10-23 10:00:35', '2', '2', '555.00000', null, null, '2018', '0', '2019-10-23 10:00:35');
INSERT INTO `data_record` VALUES ('2424', '30', '2019-10-23 10:00:35', '7', '4', '0.00000', null, '', '2018', '0', '2019-10-23 10:00:35');
INSERT INTO `data_record` VALUES ('2425', '30', '2019-10-23 10:00:35', '40', '7', '0.00000', null, '', '2018', '0', '2019-10-23 10:00:35');
INSERT INTO `data_record` VALUES ('2426', '30', '2019-10-23 10:00:35', '41', '7', '0.00000', null, '', '2018', '0', '2019-10-23 10:00:35');
INSERT INTO `data_record` VALUES ('2427', '30', '2019-10-23 10:00:35', '42', '8', '0.00000', null, '', '2018', '0', '2019-10-23 10:00:35');
INSERT INTO `data_record` VALUES ('2428', '30', '2019-10-23 10:00:35', '21', '7', '0.00000', null, '', '2018', '0', '2019-10-23 10:00:35');
INSERT INTO `data_record` VALUES ('2429', '30', '2019-10-23 10:00:35', '43', '8', '0.00000', null, '', '2018', '0', '2019-10-23 10:00:35');
INSERT INTO `data_record` VALUES ('2430', '30', '2019-10-23 10:01:02', '22', '7', '0.00000', null, '', '2019', '0', '2019-10-23 10:01:02');
INSERT INTO `data_record` VALUES ('2431', '30', '2019-10-23 10:01:02', '23', '7', '0.00000', null, '', '2019', '0', '2019-10-23 10:01:02');
INSERT INTO `data_record` VALUES ('2432', '30', '2019-10-23 10:01:02', '24', '7', '0.00000', null, '', '2019', '0', '2019-10-23 10:01:02');
INSERT INTO `data_record` VALUES ('2433', '30', '2019-10-23 10:01:02', '25', '7', '0.00000', null, '', '2019', '0', '2019-10-23 10:01:02');
INSERT INTO `data_record` VALUES ('2434', '30', '2019-10-23 10:01:02', '26', '7', '0.00000', null, '', '2019', '0', '2019-10-23 10:01:02');
INSERT INTO `data_record` VALUES ('2435', '30', '2019-10-23 10:01:02', '27', '7', '0.00000', null, '', '2019', '0', '2019-10-23 10:01:02');
INSERT INTO `data_record` VALUES ('2436', '30', '2019-10-23 10:01:02', '28', '7', '0.00000', null, '', '2019', '0', '2019-10-23 10:01:02');
INSERT INTO `data_record` VALUES ('2437', '30', '2019-10-23 10:01:02', '29', '7', '0.00000', null, '', '2019', '0', '2019-10-23 10:01:02');
INSERT INTO `data_record` VALUES ('2438', '30', '2019-10-23 10:01:02', '311', '13', '0.00000', null, '', '2019', '0', '2019-10-23 10:01:02');
INSERT INTO `data_record` VALUES ('2439', '30', '2019-10-23 10:01:02', '312', '13', '0.00000', null, '', '2019', '0', '2019-10-23 10:01:02');
INSERT INTO `data_record` VALUES ('2440', '30', '2019-10-23 10:01:02', '313', '13', '0.00000', null, '', '2019', '0', '2019-10-23 10:01:02');
INSERT INTO `data_record` VALUES ('2441', '30', '2019-10-23 10:01:02', '314', '13', '0.00000', null, '', '2019', '0', '2019-10-23 10:01:02');
INSERT INTO `data_record` VALUES ('2442', '30', '2019-10-23 10:01:02', '11', '6', '0.00000', null, '', '2019', '0', '2019-10-23 10:01:02');
INSERT INTO `data_record` VALUES ('2443', '30', '2019-10-23 10:01:02', '12', '6', '0.00000', null, '', '2019', '0', '2019-10-23 10:01:02');
INSERT INTO `data_record` VALUES ('2444', '30', '2019-10-23 10:01:02', '13', '6', '0.00000', null, '', '2019', '0', '2019-10-23 10:01:02');
INSERT INTO `data_record` VALUES ('2445', '30', '2019-10-23 10:01:02', '35', '7', '0.00000', null, '', '2019', '0', '2019-10-23 10:01:02');
INSERT INTO `data_record` VALUES ('2446', '30', '2019-10-23 10:01:02', '14', '6', '0.00000', null, '', '2019', '0', '2019-10-23 10:01:02');
INSERT INTO `data_record` VALUES ('2447', '30', '2019-10-23 10:01:02', '15', '6', '0.00000', null, '', '2019', '0', '2019-10-23 10:01:02');
INSERT INTO `data_record` VALUES ('2448', '30', '2019-10-23 10:01:02', '16', '6', '0.00000', null, '', '2019', '0', '2019-10-23 10:01:02');
INSERT INTO `data_record` VALUES ('2449', '30', '2019-10-23 10:01:02', '18', '6', '0.00000', null, '', '2019', '0', '2019-10-23 10:01:02');
INSERT INTO `data_record` VALUES ('2450', '30', '2019-10-23 10:01:02', '19', '6', '0.00000', null, '', '2019', '0', '2019-10-23 10:01:02');
INSERT INTO `data_record` VALUES ('2451', '30', '2019-10-23 10:01:02', '1', '1', '0.00000', null, '', '2019', '0', '2019-10-23 10:01:02');
INSERT INTO `data_record` VALUES ('2452', '30', '2019-10-23 10:01:02', '7', '4', '0.00000', null, '', '2019', '0', '2019-10-23 10:01:02');
INSERT INTO `data_record` VALUES ('2453', '30', '2019-10-23 10:01:02', '40', '7', '0.00000', null, '', '2019', '0', '2019-10-23 10:01:02');
INSERT INTO `data_record` VALUES ('2454', '30', '2019-10-23 10:01:02', '41', '7', '0.00000', null, '', '2019', '0', '2019-10-23 10:01:02');
INSERT INTO `data_record` VALUES ('2455', '30', '2019-10-23 10:01:02', '42', '8', '0.00000', null, '', '2019', '0', '2019-10-23 10:01:02');
INSERT INTO `data_record` VALUES ('2456', '30', '2019-10-23 10:01:02', '21', '7', '0.00000', null, '', '2019', '0', '2019-10-23 10:01:02');
INSERT INTO `data_record` VALUES ('2457', '30', '2019-10-23 10:01:02', '43', '8', '0.00000', null, '', '2019', '0', '2019-10-23 10:01:02');
INSERT INTO `data_record` VALUES ('2458', '30', '2019-10-23 10:01:34', '22', '7', '0.00000', null, '', '2018', '0', '2019-10-23 10:01:34');
INSERT INTO `data_record` VALUES ('2459', '30', '2019-10-23 10:01:34', '23', '7', '0.00000', null, '', '2018', '0', '2019-10-23 10:01:34');
INSERT INTO `data_record` VALUES ('2460', '30', '2019-10-23 10:01:34', '24', '7', '0.00000', null, '', '2018', '0', '2019-10-23 10:01:34');
INSERT INTO `data_record` VALUES ('2461', '30', '2019-10-23 10:01:34', '25', '7', '0.00000', null, '', '2018', '0', '2019-10-23 10:01:34');
INSERT INTO `data_record` VALUES ('2462', '30', '2019-10-23 10:01:34', '26', '7', '0.00000', null, '', '2018', '0', '2019-10-23 10:01:34');
INSERT INTO `data_record` VALUES ('2463', '30', '2019-10-23 10:01:34', '27', '7', '0.00000', null, '', '2018', '0', '2019-10-23 10:01:34');
INSERT INTO `data_record` VALUES ('2464', '30', '2019-10-23 10:01:34', '28', '7', '0.00000', null, '', '2018', '0', '2019-10-23 10:01:34');
INSERT INTO `data_record` VALUES ('2465', '30', '2019-10-23 10:01:34', '29', '7', '0.00000', null, '', '2018', '0', '2019-10-23 10:01:34');
INSERT INTO `data_record` VALUES ('2466', '30', '2019-10-23 10:01:34', '311', '13', '0.00000', null, '', '2018', '0', '2019-10-23 10:01:34');
INSERT INTO `data_record` VALUES ('2467', '30', '2019-10-23 10:01:34', '312', '13', '0.00000', null, '', '2018', '0', '2019-10-23 10:01:34');
INSERT INTO `data_record` VALUES ('2468', '30', '2019-10-23 10:01:34', '313', '13', '0.00000', null, '', '2018', '0', '2019-10-23 10:01:34');
INSERT INTO `data_record` VALUES ('2469', '30', '2019-10-23 10:01:34', '314', '13', '0.00000', null, '', '2018', '0', '2019-10-23 10:01:34');
INSERT INTO `data_record` VALUES ('2470', '30', '2019-10-23 10:01:34', '11', '6', '44.00000', null, '', '2018', '0', '2019-10-23 10:01:34');
INSERT INTO `data_record` VALUES ('2471', '30', '2019-10-23 10:01:34', '12', '6', '55.00000', null, '', '2018', '0', '2019-10-23 10:01:34');
INSERT INTO `data_record` VALUES ('2472', '30', '2019-10-23 10:01:34', '13', '6', '5666.00000', null, '', '2018', '0', '2019-10-23 10:01:34');
INSERT INTO `data_record` VALUES ('2473', '30', '2019-10-23 10:01:34', '35', '7', '0.00000', null, '', '2018', '0', '2019-10-23 10:01:34');
INSERT INTO `data_record` VALUES ('2474', '30', '2019-10-23 10:01:34', '14', '6', '78787.00000', null, '', '2018', '0', '2019-10-23 10:01:34');
INSERT INTO `data_record` VALUES ('2475', '30', '2019-10-23 10:01:34', '15', '6', '888.00000', null, '', '2018', '0', '2019-10-23 10:01:34');
INSERT INTO `data_record` VALUES ('2476', '30', '2019-10-23 10:01:34', '16', '6', '9999.00000', null, '', '2018', '0', '2019-10-23 10:01:34');
INSERT INTO `data_record` VALUES ('2477', '30', '2019-10-23 10:01:34', '18', '6', '333.00000', null, '', '2018', '0', '2019-10-23 10:01:34');
INSERT INTO `data_record` VALUES ('2478', '30', '2019-10-23 10:01:34', '19', '6', '2333.00000', null, '', '2018', '0', '2019-10-23 10:01:34');
INSERT INTO `data_record` VALUES ('2479', '30', '2019-10-23 10:01:34', '1', '1', '0.00000', null, '', '2018', '0', '2019-10-23 10:01:34');
INSERT INTO `data_record` VALUES ('2480', '30', '2019-10-23 10:01:34', '7', '4', '0.00000', null, '', '2018', '0', '2019-10-23 10:01:34');
INSERT INTO `data_record` VALUES ('2481', '30', '2019-10-23 10:01:34', '40', '7', '0.00000', null, '', '2018', '0', '2019-10-23 10:01:34');
INSERT INTO `data_record` VALUES ('2482', '30', '2019-10-23 10:01:34', '41', '7', '0.00000', null, '', '2018', '0', '2019-10-23 10:01:34');
INSERT INTO `data_record` VALUES ('2483', '30', '2019-10-23 10:01:34', '42', '8', '0.00000', null, '', '2018', '0', '2019-10-23 10:01:34');
INSERT INTO `data_record` VALUES ('2484', '30', '2019-10-23 10:01:34', '21', '7', '333.00000', null, '', '2018', '0', '2019-10-23 10:01:34');
INSERT INTO `data_record` VALUES ('2485', '30', '2019-10-23 10:01:34', '43', '8', '0.00000', null, '', '2018', '0', '2019-10-23 10:01:34');
INSERT INTO `data_record` VALUES ('2486', '30', '2019-10-23 10:03:43', '22', '7', '0.00000', null, '', '2018', '0', '2019-10-23 10:03:43');
INSERT INTO `data_record` VALUES ('2487', '30', '2019-10-23 10:03:43', '23', '7', '0.00000', null, '', '2018', '0', '2019-10-23 10:03:43');
INSERT INTO `data_record` VALUES ('2488', '30', '2019-10-23 10:03:43', '24', '7', '0.00000', null, '', '2018', '0', '2019-10-23 10:03:43');
INSERT INTO `data_record` VALUES ('2489', '30', '2019-10-23 10:03:43', '25', '7', '0.00000', null, '', '2018', '0', '2019-10-23 10:03:43');
INSERT INTO `data_record` VALUES ('2490', '30', '2019-10-23 10:03:43', '26', '7', '0.00000', null, '', '2018', '0', '2019-10-23 10:03:43');
INSERT INTO `data_record` VALUES ('2491', '30', '2019-10-23 10:03:43', '27', '7', '0.00000', null, '', '2018', '0', '2019-10-23 10:03:43');
INSERT INTO `data_record` VALUES ('2492', '30', '2019-10-23 10:03:43', '28', '7', '0.00000', null, '', '2018', '0', '2019-10-23 10:03:43');
INSERT INTO `data_record` VALUES ('2493', '30', '2019-10-23 10:03:43', '29', '7', '0.00000', null, '', '2018', '0', '2019-10-23 10:03:43');
INSERT INTO `data_record` VALUES ('2494', '30', '2019-10-23 10:03:43', '311', '13', '0.00000', null, '', '2018', '0', '2019-10-23 10:03:43');
INSERT INTO `data_record` VALUES ('2495', '30', '2019-10-23 10:03:43', '312', '13', '0.00000', null, '', '2018', '0', '2019-10-23 10:03:43');
INSERT INTO `data_record` VALUES ('2496', '30', '2019-10-23 10:03:43', '313', '13', '0.00000', null, '', '2018', '0', '2019-10-23 10:03:43');
INSERT INTO `data_record` VALUES ('2497', '30', '2019-10-23 10:03:43', '314', '13', '0.00000', null, '', '2018', '0', '2019-10-23 10:03:43');
INSERT INTO `data_record` VALUES ('2498', '30', '2019-10-23 10:03:43', '11', '6', '0.00000', null, '', '2018', '0', '2019-10-23 10:03:43');
INSERT INTO `data_record` VALUES ('2499', '30', '2019-10-23 10:03:43', '12', '6', '0.00000', null, '', '2018', '0', '2019-10-23 10:03:43');
INSERT INTO `data_record` VALUES ('2500', '30', '2019-10-23 10:03:43', '13', '6', '0.00000', null, '', '2018', '0', '2019-10-23 10:03:43');
INSERT INTO `data_record` VALUES ('2501', '30', '2019-10-23 10:03:43', '35', '7', '0.00000', null, '', '2018', '0', '2019-10-23 10:03:43');
INSERT INTO `data_record` VALUES ('2502', '30', '2019-10-23 10:03:43', '14', '6', '0.00000', null, '', '2018', '0', '2019-10-23 10:03:43');
INSERT INTO `data_record` VALUES ('2503', '30', '2019-10-23 10:03:43', '15', '6', '0.00000', null, '', '2018', '0', '2019-10-23 10:03:43');
INSERT INTO `data_record` VALUES ('2504', '30', '2019-10-23 10:03:43', '16', '6', '0.00000', null, '', '2018', '0', '2019-10-23 10:03:43');
INSERT INTO `data_record` VALUES ('2505', '30', '2019-10-23 10:03:43', '18', '6', '0.00000', null, '', '2018', '0', '2019-10-23 10:03:43');
INSERT INTO `data_record` VALUES ('2506', '30', '2019-10-23 10:03:43', '19', '6', '0.00000', null, '', '2018', '0', '2019-10-23 10:03:43');
INSERT INTO `data_record` VALUES ('2507', '30', '2019-10-23 10:03:43', '1', '1', '0.00000', null, '', '2018', '0', '2019-10-23 10:03:43');
INSERT INTO `data_record` VALUES ('2508', '30', '2019-10-23 10:03:43', '2', '2', '444.00000', null, null, '2018', '0', '2019-10-23 10:03:43');
INSERT INTO `data_record` VALUES ('2509', '30', '2019-10-23 10:03:43', '247', '5', '344.00000', null, null, '2018', '0', '2019-10-23 10:03:43');
INSERT INTO `data_record` VALUES ('2510', '30', '2019-10-23 10:03:43', '7', '4', '0.00000', null, '', '2018', '0', '2019-10-23 10:03:43');
INSERT INTO `data_record` VALUES ('2511', '30', '2019-10-23 10:03:43', '40', '7', '0.00000', null, '', '2018', '0', '2019-10-23 10:03:43');
INSERT INTO `data_record` VALUES ('2512', '30', '2019-10-23 10:03:43', '41', '7', '0.00000', null, '', '2018', '0', '2019-10-23 10:03:43');
INSERT INTO `data_record` VALUES ('2513', '30', '2019-10-23 10:03:43', '42', '8', '0.00000', null, '', '2018', '0', '2019-10-23 10:03:43');
INSERT INTO `data_record` VALUES ('2514', '30', '2019-10-23 10:03:43', '21', '7', '0.00000', null, '', '2018', '0', '2019-10-23 10:03:43');
INSERT INTO `data_record` VALUES ('2515', '30', '2019-10-23 10:03:43', '43', '8', '0.00000', null, '', '2018', '0', '2019-10-23 10:03:43');
INSERT INTO `data_record` VALUES ('2516', '30', '2019-10-23 10:07:02', '22', '7', '0.00000', null, '', '2018', '0', '2019-10-23 10:07:02');
INSERT INTO `data_record` VALUES ('2517', '30', '2019-10-23 10:07:02', '23', '7', '0.00000', null, '', '2018', '0', '2019-10-23 10:07:02');
INSERT INTO `data_record` VALUES ('2518', '30', '2019-10-23 10:07:02', '24', '7', '0.00000', null, '', '2018', '0', '2019-10-23 10:07:02');
INSERT INTO `data_record` VALUES ('2519', '30', '2019-10-23 10:07:02', '25', '7', '0.00000', null, '', '2018', '0', '2019-10-23 10:07:02');
INSERT INTO `data_record` VALUES ('2520', '30', '2019-10-23 10:07:02', '26', '7', '0.00000', null, '', '2018', '0', '2019-10-23 10:07:02');
INSERT INTO `data_record` VALUES ('2521', '30', '2019-10-23 10:07:02', '27', '7', '0.00000', null, '', '2018', '0', '2019-10-23 10:07:02');
INSERT INTO `data_record` VALUES ('2522', '30', '2019-10-23 10:07:02', '28', '7', '0.00000', null, '', '2018', '0', '2019-10-23 10:07:02');
INSERT INTO `data_record` VALUES ('2523', '30', '2019-10-23 10:07:02', '29', '7', '0.00000', null, '', '2018', '0', '2019-10-23 10:07:02');
INSERT INTO `data_record` VALUES ('2524', '30', '2019-10-23 10:07:02', '311', '13', '0.00000', null, '', '2018', '0', '2019-10-23 10:07:02');
INSERT INTO `data_record` VALUES ('2525', '30', '2019-10-23 10:07:02', '312', '13', '0.00000', null, '', '2018', '0', '2019-10-23 10:07:02');
INSERT INTO `data_record` VALUES ('2526', '30', '2019-10-23 10:07:02', '313', '13', '0.00000', null, '', '2018', '0', '2019-10-23 10:07:02');
INSERT INTO `data_record` VALUES ('2527', '30', '2019-10-23 10:07:02', '314', '13', '0.00000', null, '', '2018', '0', '2019-10-23 10:07:02');
INSERT INTO `data_record` VALUES ('2528', '30', '2019-10-23 10:07:02', '11', '6', '0.00000', null, '', '2018', '0', '2019-10-23 10:07:02');
INSERT INTO `data_record` VALUES ('2529', '30', '2019-10-23 10:07:02', '12', '6', '0.00000', null, '', '2018', '0', '2019-10-23 10:07:02');
INSERT INTO `data_record` VALUES ('2530', '30', '2019-10-23 10:07:02', '13', '6', '0.00000', null, '', '2018', '0', '2019-10-23 10:07:02');
INSERT INTO `data_record` VALUES ('2531', '30', '2019-10-23 10:07:02', '35', '7', '0.00000', null, '', '2018', '0', '2019-10-23 10:07:02');
INSERT INTO `data_record` VALUES ('2532', '30', '2019-10-23 10:07:02', '14', '6', '0.00000', null, '', '2018', '0', '2019-10-23 10:07:02');
INSERT INTO `data_record` VALUES ('2533', '30', '2019-10-23 10:07:02', '15', '6', '0.00000', null, '', '2018', '0', '2019-10-23 10:07:02');
INSERT INTO `data_record` VALUES ('2534', '30', '2019-10-23 10:07:02', '16', '6', '0.00000', null, '', '2018', '0', '2019-10-23 10:07:02');
INSERT INTO `data_record` VALUES ('2535', '30', '2019-10-23 10:07:02', '18', '6', '0.00000', null, '', '2018', '0', '2019-10-23 10:07:02');
INSERT INTO `data_record` VALUES ('2536', '30', '2019-10-23 10:07:02', '19', '6', '0.00000', null, '', '2018', '0', '2019-10-23 10:07:02');
INSERT INTO `data_record` VALUES ('2537', '30', '2019-10-23 10:07:02', '1', '1', '0.00000', null, '', '2018', '0', '2019-10-23 10:07:02');
INSERT INTO `data_record` VALUES ('2538', '30', '2019-10-23 10:07:02', '7', '4', '0.00000', null, '', '2018', '0', '2019-10-23 10:07:02');
INSERT INTO `data_record` VALUES ('2539', '30', '2019-10-23 10:07:02', '40', '7', '0.00000', null, '', '2018', '0', '2019-10-23 10:07:02');
INSERT INTO `data_record` VALUES ('2540', '30', '2019-10-23 10:07:02', '41', '7', '0.00000', null, '', '2018', '0', '2019-10-23 10:07:02');
INSERT INTO `data_record` VALUES ('2541', '30', '2019-10-23 10:07:02', '42', '8', '0.00000', null, '', '2018', '0', '2019-10-23 10:07:02');
INSERT INTO `data_record` VALUES ('2542', '30', '2019-10-23 10:07:02', '21', '7', '0.00000', null, '', '2018', '0', '2019-10-23 10:07:02');
INSERT INTO `data_record` VALUES ('2543', '30', '2019-10-23 10:07:02', '43', '8', '0.00000', null, '', '2018', '0', '2019-10-23 10:07:02');
INSERT INTO `data_record` VALUES ('2574', '30', '2019-10-23 13:26:34', '22', '7', '0.00000', '', '', '2018', '0', '2019-10-23 13:26:34');
INSERT INTO `data_record` VALUES ('2575', '30', '2019-10-23 13:26:34', '23', '7', '0.00000', '', '', '2018', '0', '2019-10-23 13:26:34');
INSERT INTO `data_record` VALUES ('2576', '30', '2019-10-23 13:26:34', '24', '7', '0.00000', '', '', '2018', '0', '2019-10-23 13:26:34');
INSERT INTO `data_record` VALUES ('2577', '30', '2019-10-23 13:26:34', '25', '7', '0.00000', '', '', '2018', '0', '2019-10-23 13:26:34');
INSERT INTO `data_record` VALUES ('2578', '30', '2019-10-23 13:26:34', '26', '7', '0.00000', '', '', '2018', '0', '2019-10-23 13:26:34');
INSERT INTO `data_record` VALUES ('2579', '30', '2019-10-23 13:26:34', '27', '7', '0.00000', '', '', '2018', '0', '2019-10-23 13:26:34');
INSERT INTO `data_record` VALUES ('2580', '30', '2019-10-23 13:26:34', '28', '7', '0.00000', '', '', '2018', '0', '2019-10-23 13:26:34');
INSERT INTO `data_record` VALUES ('2581', '30', '2019-10-23 13:26:34', '29', '7', '0.00000', '', '', '2018', '0', '2019-10-23 13:26:34');
INSERT INTO `data_record` VALUES ('2582', '30', '2019-10-23 13:26:34', '311', '13', '0.00000', '', '', '2018', '0', '2019-10-23 13:26:34');
INSERT INTO `data_record` VALUES ('2583', '30', '2019-10-23 13:26:34', '312', '13', '0.00000', '', '', '2018', '0', '2019-10-23 13:26:34');
INSERT INTO `data_record` VALUES ('2584', '30', '2019-10-23 13:26:34', '313', '13', '0.00000', '', '', '2018', '0', '2019-10-23 13:26:34');
INSERT INTO `data_record` VALUES ('2585', '30', '2019-10-23 13:26:34', '314', '13', '0.00000', '', '', '2018', '0', '2019-10-23 13:26:34');
INSERT INTO `data_record` VALUES ('2586', '30', '2019-10-23 13:26:34', '11', '6', '0.00000', '', '', '2018', '0', '2019-10-23 13:26:34');
INSERT INTO `data_record` VALUES ('2587', '30', '2019-10-23 13:26:34', '12', '6', '0.00000', '', '', '2018', '0', '2019-10-23 13:26:34');
INSERT INTO `data_record` VALUES ('2588', '30', '2019-10-23 13:26:34', '13', '6', '0.00000', '', '', '2018', '0', '2019-10-23 13:26:34');
INSERT INTO `data_record` VALUES ('2589', '30', '2019-10-23 13:26:34', '35', '7', '0.00000', '', '', '2018', '0', '2019-10-23 13:26:34');
INSERT INTO `data_record` VALUES ('2590', '30', '2019-10-23 13:26:34', '14', '6', '0.00000', '', '', '2018', '0', '2019-10-23 13:26:34');
INSERT INTO `data_record` VALUES ('2591', '30', '2019-10-23 13:26:34', '15', '6', '0.00000', '', '', '2018', '0', '2019-10-23 13:26:34');
INSERT INTO `data_record` VALUES ('2592', '30', '2019-10-23 13:26:34', '16', '6', '0.00000', '', '', '2018', '0', '2019-10-23 13:26:34');
INSERT INTO `data_record` VALUES ('2593', '30', '2019-10-23 13:26:34', '18', '6', '0.00000', '', '', '2018', '0', '2019-10-23 13:26:34');
INSERT INTO `data_record` VALUES ('2594', '30', '2019-10-23 13:26:34', '19', '6', '0.00000', '', '', '2018', '0', '2019-10-23 13:26:34');
INSERT INTO `data_record` VALUES ('2595', '30', '2019-10-23 13:26:34', '1', '1', '60.00000', '', '', '2018', '0', '2019-10-23 13:26:34');
INSERT INTO `data_record` VALUES ('2596', '30', '2019-10-23 13:26:34', '2', '2', '30.00000', '', '', '2018', '0', '2019-10-23 13:26:34');
INSERT INTO `data_record` VALUES ('2597', '30', '2019-10-23 13:26:34', '247', '5', '20.00000', '', '', '2018', '0', '2019-10-23 13:26:34');
INSERT INTO `data_record` VALUES ('2598', '30', '2019-10-23 13:26:34', '7', '4', '100.00000', '', '', '2018', '0', '2019-10-23 13:26:34');
INSERT INTO `data_record` VALUES ('2599', '30', '2019-10-23 13:26:34', '40', '7', '0.00000', '', '', '2018', '0', '2019-10-23 13:26:34');
INSERT INTO `data_record` VALUES ('2600', '30', '2019-10-23 13:26:34', '41', '7', '0.00000', '', '', '2018', '0', '2019-10-23 13:26:34');
INSERT INTO `data_record` VALUES ('2601', '30', '2019-10-23 13:26:34', '42', '8', '0.00000', '', '', '2018', '0', '2019-10-23 13:26:34');
INSERT INTO `data_record` VALUES ('2602', '30', '2019-10-23 13:26:34', '21', '7', '0.00000', '', '', '2018', '0', '2019-10-23 13:26:34');
INSERT INTO `data_record` VALUES ('2603', '30', '2019-10-23 13:26:34', '43', '8', '0.00000', '', '', '2018', '0', '2019-10-23 13:26:34');
INSERT INTO `data_record` VALUES ('2604', '49', '2019-10-23 13:31:09', '89', '1', '600.00000', '生产统计表', 'ZONGSHU', '2018', '0', '2019-10-23 13:31:09');
INSERT INTO `data_record` VALUES ('2605', '49', '2019-10-23 13:31:09', '270', '5', '111.00000', '能源消耗统计表', '', '2018', '0', '2019-10-23 13:31:09');
INSERT INTO `data_record` VALUES ('2606', '49', '2019-10-23 13:31:09', '276', '5', '13780.00000', '能源消耗统计表', '', '2018', '0', '2019-10-23 13:31:09');
INSERT INTO `data_record` VALUES ('2607', '49', '2019-10-23 13:31:09', '90', '2', '260.00000', '原材料消耗统计表', '', '2018', '0', '2019-10-23 13:31:09');
INSERT INTO `data_record` VALUES ('2608', '49', '2019-10-23 13:31:09', '315', '14', '50.00000', '', '', '2018', '0', '2019-10-23 13:31:09');
INSERT INTO `data_record` VALUES ('2609', '49', '2019-10-23 13:31:09', '91', '2', '50.00000', '原材料消耗统计表', '', '2018', '0', '2019-10-23 13:31:09');
INSERT INTO `data_record` VALUES ('2610', '49', '2019-10-23 13:31:09', '316', '14', '250.00000', '', '', '2018', '0', '2019-10-23 13:31:09');
INSERT INTO `data_record` VALUES ('2611', '49', '2019-10-23 13:31:09', '92', '2', '65.00000', '原材料消耗统计表', '', '2018', '0', '2019-10-23 13:31:09');
INSERT INTO `data_record` VALUES ('2612', '49', '2019-10-23 13:31:09', '317', '14', '50.00000', '', '', '2018', '0', '2019-10-23 13:31:09');
INSERT INTO `data_record` VALUES ('2613', '49', '2019-10-23 13:31:09', '318', '14', '1.00000', '', '', '2018', '0', '2019-10-23 13:31:09');
INSERT INTO `data_record` VALUES ('2614', '49', '2019-10-23 13:31:09', '93', '4', '23102.00000', '能源消耗统计表', '', '2018', '0', '2019-10-23 13:31:09');
INSERT INTO `data_record` VALUES ('2615', '49', '2019-10-23 13:31:09', '97', '6', '17382.00000', '企业环保监测报告', '', '2018', '0', '2019-10-23 13:31:09');
INSERT INTO `data_record` VALUES ('2616', '49', '2019-10-23 13:31:09', '98', '6', '21.00000', '企业环保监测报告', '', '2018', '0', '2019-10-23 13:31:09');
INSERT INTO `data_record` VALUES ('2617', '49', '2019-10-23 13:31:09', '99', '6', '129.00000', '企业环保监测报告', '', '2018', '0', '2019-10-23 13:31:09');
INSERT INTO `data_record` VALUES ('2618', '49', '2019-10-23 13:31:09', '285', '2', '80.00000', '原材料消耗统计表', '', '2018', '0', '2019-10-23 13:31:09');
INSERT INTO `data_record` VALUES ('2619', '49', '2019-10-23 13:31:09', '286', '6', '25.00000', '企业环保监测报告', '', '2018', '0', '2019-10-23 13:31:09');
INSERT INTO `data_record` VALUES ('2620', '49', '2019-10-23 13:31:09', '287', '6', '12.00000', '企业环保监测报告', '', '2018', '0', '2019-10-23 13:31:09');
INSERT INTO `data_record` VALUES ('2621', '49', '2019-10-23 13:31:09', '100', '7', '1289.00000', '企业环保监测报告', '', '2018', '0', '2019-10-23 13:31:09');
INSERT INTO `data_record` VALUES ('2622', '49', '2019-10-23 13:31:09', '288', '6', '1.50000', '企业环保监测报告', '', '2018', '0', '2019-10-23 13:31:09');
INSERT INTO `data_record` VALUES ('2623', '49', '2019-10-23 13:31:09', '101', '7', '2.10000', '企业环保监测报告', '', '2018', '0', '2019-10-23 13:31:09');
INSERT INTO `data_record` VALUES ('2624', '49', '2019-10-23 13:31:09', '289', '6', '0.56000', '企业环保监测报告', '', '2018', '0', '2019-10-23 13:31:09');
INSERT INTO `data_record` VALUES ('2625', '49', '2019-10-23 13:31:09', '102', '7', '0.23000', '企业环保监测报告', '', '2018', '0', '2019-10-23 13:31:09');
INSERT INTO `data_record` VALUES ('2626', '49', '2019-10-23 13:31:09', '103', '7', '0.05000', '企业环保监测报告', '', '2018', '0', '2019-10-23 13:31:09');
INSERT INTO `data_record` VALUES ('2627', '49', '2019-10-23 13:31:09', '104', '7', '0.00100', '企业环保监测报告', '', '2018', '0', '2019-10-23 13:31:09');
INSERT INTO `data_record` VALUES ('2628', '49', '2019-10-23 13:31:09', '248', '5', '150.00000', '能源消耗统计表', '', '2018', '0', '2019-10-23 13:31:09');
INSERT INTO `data_record` VALUES ('2629', '30', '2019-10-23 13:40:57', '22', '7', '8.00000', '', '', '2018', '0', '2019-10-23 13:40:57');
INSERT INTO `data_record` VALUES ('2630', '30', '2019-10-23 13:40:57', '23', '7', '11.00000', '', '', '2018', '0', '2019-10-23 13:40:57');
INSERT INTO `data_record` VALUES ('2631', '30', '2019-10-23 13:40:57', '24', '7', '0.23000', '', '', '2018', '0', '2019-10-23 13:40:57');
INSERT INTO `data_record` VALUES ('2632', '30', '2019-10-23 13:40:57', '25', '7', '0.01000', '', '', '2018', '0', '2019-10-23 13:40:57');
INSERT INTO `data_record` VALUES ('2633', '30', '2019-10-23 13:40:57', '26', '7', '0.02000', '', '', '2018', '0', '2019-10-23 13:40:57');
INSERT INTO `data_record` VALUES ('2634', '30', '2019-10-23 13:40:57', '27', '7', '0.23000', '', '', '2018', '0', '2019-10-23 13:40:57');
INSERT INTO `data_record` VALUES ('2635', '30', '2019-10-23 13:40:57', '28', '7', '0.12000', '', '', '2018', '0', '2019-10-23 13:40:57');
INSERT INTO `data_record` VALUES ('2636', '30', '2019-10-23 13:40:57', '29', '7', '0.05000', '', '', '2018', '0', '2019-10-23 13:40:57');
INSERT INTO `data_record` VALUES ('2637', '30', '2019-10-23 13:40:57', '270', '5', '220.00000', '', '', '2018', '0', '2019-10-23 13:40:57');
INSERT INTO `data_record` VALUES ('2638', '30', '2019-10-23 13:40:57', '276', '5', '56891.00000', '', '', '2018', '0', '2019-10-23 13:40:57');
INSERT INTO `data_record` VALUES ('2639', '30', '2019-10-23 13:40:57', '315', '14', '50.00000', '', '', '2018', '0', '2019-10-23 13:40:57');
INSERT INTO `data_record` VALUES ('2640', '30', '2019-10-23 13:40:57', '316', '14', '700.00000', '', '', '2018', '0', '2019-10-23 13:40:57');
INSERT INTO `data_record` VALUES ('2641', '30', '2019-10-23 13:40:57', '317', '14', '50.00000', '', '', '2018', '0', '2019-10-23 13:40:57');
INSERT INTO `data_record` VALUES ('2642', '30', '2019-10-23 13:40:57', '318', '14', '1.00000', '', '', '2018', '0', '2019-10-23 13:40:57');
INSERT INTO `data_record` VALUES ('2643', '30', '2019-10-23 13:40:57', '11', '6', '23910.00000', '', '', '2018', '0', '2019-10-23 13:40:57');
INSERT INTO `data_record` VALUES ('2644', '30', '2019-10-23 13:40:57', '12', '6', '12.10000', '', '', '2018', '0', '2019-10-23 13:40:57');
INSERT INTO `data_record` VALUES ('2645', '30', '2019-10-23 13:40:57', '13', '6', '3.10000', '', '', '2018', '0', '2019-10-23 13:40:57');
INSERT INTO `data_record` VALUES ('2646', '30', '2019-10-23 13:40:57', '35', '7', '0.01000', '', '', '2018', '0', '2019-10-23 13:40:57');
INSERT INTO `data_record` VALUES ('2647', '30', '2019-10-23 13:40:57', '14', '6', '2.60000', '', '', '2018', '0', '2019-10-23 13:40:57');
INSERT INTO `data_record` VALUES ('2648', '30', '2019-10-23 13:40:57', '15', '6', '0.50000', '', '', '2018', '0', '2019-10-23 13:40:57');
INSERT INTO `data_record` VALUES ('2649', '30', '2019-10-23 13:40:57', '16', '6', '12.00000', '', '', '2018', '0', '2019-10-23 13:40:57');
INSERT INTO `data_record` VALUES ('2650', '30', '2019-10-23 13:40:57', '18', '6', '0.10000', '', '', '2018', '0', '2019-10-23 13:40:57');
INSERT INTO `data_record` VALUES ('2651', '30', '2019-10-23 13:40:57', '19', '6', '3.20000', '', '', '2018', '0', '2019-10-23 13:40:57');
INSERT INTO `data_record` VALUES ('2652', '30', '2019-10-23 13:40:57', '1', '1', '400.00000', '', '', '2018', '0', '2019-10-23 13:40:57');
INSERT INTO `data_record` VALUES ('2653', '30', '2019-10-23 13:40:57', '2', '2', '230.00000', '', '', '2018', '0', '2019-10-23 13:40:57');
INSERT INTO `data_record` VALUES ('2654', '30', '2019-10-23 13:40:57', '3', '2', '50.00000', '', '', '2018', '0', '2019-10-23 13:40:57');
INSERT INTO `data_record` VALUES ('2655', '30', '2019-10-23 13:40:57', '4', '2', '40.00000', '', '', '2018', '0', '2019-10-23 13:40:57');
INSERT INTO `data_record` VALUES ('2656', '30', '2019-10-23 13:40:57', '5', '2', '35.00000', '', '', '2018', '0', '2019-10-23 13:40:57');
INSERT INTO `data_record` VALUES ('2657', '30', '2019-10-23 13:40:57', '6', '2', '20.00000', '', '', '2018', '0', '2019-10-23 13:40:57');
INSERT INTO `data_record` VALUES ('2658', '30', '2019-10-23 13:40:57', '7', '4', '426759.00000', '', '', '2018', '0', '2019-10-23 13:40:57');
INSERT INTO `data_record` VALUES ('2659', '30', '2019-10-23 13:40:57', '40', '7', '0.02300', '', '', '2018', '0', '2019-10-23 13:40:57');
INSERT INTO `data_record` VALUES ('2660', '30', '2019-10-23 13:40:57', '41', '7', '0.03500', '', '', '2018', '0', '2019-10-23 13:40:57');
INSERT INTO `data_record` VALUES ('2661', '30', '2019-10-23 13:40:57', '42', '8', '150.00000', '', '', '2018', '0', '2019-10-23 13:40:57');
INSERT INTO `data_record` VALUES ('2662', '30', '2019-10-23 13:40:57', '21', '7', '12534.00000', '', '', '2018', '0', '2019-10-23 13:40:57');
INSERT INTO `data_record` VALUES ('2663', '30', '2019-10-23 13:40:57', '43', '8', '75.00000', '', '', '2018', '0', '2019-10-23 13:40:57');
INSERT INTO `data_record` VALUES ('2664', '31', '2019-10-23 13:46:16', '290', '2', '20.00000', '', '', '2018', '0', '2019-10-23 13:46:16');
INSERT INTO `data_record` VALUES ('2665', '31', '2019-10-23 13:46:16', '270', '5', '200.00000', '', '', '2018', '0', '2019-10-23 13:46:16');
INSERT INTO `data_record` VALUES ('2666', '31', '2019-10-23 13:46:16', '150', '7', '1.00000', '', '', '2018', '0', '2019-10-23 13:46:16');
INSERT INTO `data_record` VALUES ('2667', '31', '2019-10-23 13:46:16', '151', '8', '150.00000', '', '', '2018', '0', '2019-10-23 13:46:16');
INSERT INTO `data_record` VALUES ('2668', '31', '2019-10-23 13:46:16', '130', '7', '10342.00000', '', '', '2018', '0', '2019-10-23 13:46:16');
INSERT INTO `data_record` VALUES ('2669', '31', '2019-10-23 13:46:16', '152', '8', '80.00000', '', '', '2018', '0', '2019-10-23 13:46:16');
INSERT INTO `data_record` VALUES ('2670', '31', '2019-10-23 13:46:16', '131', '7', '8.00000', '', '', '2018', '0', '2019-10-23 13:46:16');
INSERT INTO `data_record` VALUES ('2671', '31', '2019-10-23 13:46:16', '110', '2', '50.00000', '', '', '2018', '0', '2019-10-23 13:46:16');
INSERT INTO `data_record` VALUES ('2672', '31', '2019-10-23 13:46:16', '132', '7', '5.50000', '', '', '2018', '0', '2019-10-23 13:46:16');
INSERT INTO `data_record` VALUES ('2673', '31', '2019-10-23 13:46:16', '111', '2', '80.00000', '', '', '2018', '0', '2019-10-23 13:46:16');
INSERT INTO `data_record` VALUES ('2674', '31', '2019-10-23 13:46:16', '276', '5', '23061.00000', '', '', '2018', '0', '2019-10-23 13:46:16');
INSERT INTO `data_record` VALUES ('2675', '31', '2019-10-23 13:46:16', '133', '7', '1.50000', '', '', '2018', '0', '2019-10-23 13:46:16');
INSERT INTO `data_record` VALUES ('2676', '31', '2019-10-23 13:46:16', '112', '2', '30.00000', '', '', '2018', '0', '2019-10-23 13:46:16');
INSERT INTO `data_record` VALUES ('2677', '31', '2019-10-23 13:46:16', '134', '7', '2.00000', '', '', '2018', '0', '2019-10-23 13:46:16');
INSERT INTO `data_record` VALUES ('2678', '31', '2019-10-23 13:46:16', '113', '2', '35.00000', '', '', '2018', '0', '2019-10-23 13:46:16');
INSERT INTO `data_record` VALUES ('2679', '31', '2019-10-23 13:46:16', '135', '7', '2.10000', '', '', '2018', '0', '2019-10-23 13:46:16');
INSERT INTO `data_record` VALUES ('2680', '31', '2019-10-23 13:46:16', '114', '4', '12540.00000', '', '', '2018', '0', '2019-10-23 13:46:16');
INSERT INTO `data_record` VALUES ('2681', '31', '2019-10-23 13:46:16', '136', '7', '0.35000', '', '', '2018', '0', '2019-10-23 13:46:16');
INSERT INTO `data_record` VALUES ('2682', '31', '2019-10-23 13:46:16', '137', '7', '0.21000', '', '', '2018', '0', '2019-10-23 13:46:16');
INSERT INTO `data_record` VALUES ('2683', '31', '2019-10-23 13:46:16', '138', '7', '0.05000', '', '', '2018', '0', '2019-10-23 13:46:16');
INSERT INTO `data_record` VALUES ('2684', '31', '2019-10-23 13:46:16', '315', '14', '100.00000', '', '', '2018', '0', '2019-10-23 13:46:16');
INSERT INTO `data_record` VALUES ('2685', '31', '2019-10-23 13:46:16', '316', '14', '680.00000', '', '', '2018', '0', '2019-10-23 13:46:16');
INSERT INTO `data_record` VALUES ('2686', '31', '2019-10-23 13:46:16', '118', '6', '56720.00000', '', '', '2018', '0', '2019-10-23 13:46:16');
INSERT INTO `data_record` VALUES ('2687', '31', '2019-10-23 13:46:16', '317', '14', '50.00000', '', '', '2018', '0', '2019-10-23 13:46:16');
INSERT INTO `data_record` VALUES ('2688', '31', '2019-10-23 13:46:16', '119', '6', '13.25000', '', '', '2018', '0', '2019-10-23 13:46:16');
INSERT INTO `data_record` VALUES ('2689', '31', '2019-10-23 13:46:16', '318', '14', '0.00000', '', '', '2018', '0', '2019-10-23 13:46:16');
INSERT INTO `data_record` VALUES ('2690', '31', '2019-10-23 13:46:16', '120', '6', '10.50000', '', '', '2018', '0', '2019-10-23 13:46:16');
INSERT INTO `data_record` VALUES ('2691', '31', '2019-10-23 13:46:16', '121', '6', '2.50000', '', '', '2018', '0', '2019-10-23 13:46:16');
INSERT INTO `data_record` VALUES ('2692', '31', '2019-10-23 13:46:16', '122', '6', '2.10000', '', '', '2018', '0', '2019-10-23 13:46:16');
INSERT INTO `data_record` VALUES ('2693', '31', '2019-10-23 13:46:16', '144', '7', '0.02000', '', '', '2018', '0', '2019-10-23 13:46:16');
INSERT INTO `data_record` VALUES ('2694', '31', '2019-10-23 13:46:16', '123', '6', '12.00000', '', '', '2018', '0', '2019-10-23 13:46:16');
INSERT INTO `data_record` VALUES ('2695', '31', '2019-10-23 13:46:16', '145', '7', '0.00000', '', '', '2018', '0', '2019-10-23 13:46:16');
INSERT INTO `data_record` VALUES ('2696', '31', '2019-10-23 13:46:16', '125', '6', '3.20000', '', '', '2018', '0', '2019-10-23 13:46:16');
INSERT INTO `data_record` VALUES ('2697', '31', '2019-10-23 13:46:16', '126', '6', '1.50000', '', '', '2018', '0', '2019-10-23 13:46:16');
INSERT INTO `data_record` VALUES ('2698', '31', '2019-10-23 13:46:16', '149', '7', '0.00400', '', '', '2018', '0', '2019-10-23 13:46:16');
INSERT INTO `data_record` VALUES ('2699', '31', '2019-10-23 13:46:16', '128', '6', '2.00000', '', '', '2018', '0', '2019-10-23 13:46:16');
INSERT INTO `data_record` VALUES ('2700', '31', '2019-10-23 13:46:16', '129', '6', '125.00000', '', '', '2018', '0', '2019-10-23 13:46:16');
INSERT INTO `data_record` VALUES ('2701', '31', '2019-10-23 13:46:16', '108', '1', '500.00000', '', '', '2018', '0', '2019-10-23 13:46:16');
INSERT INTO `data_record` VALUES ('2702', '31', '2019-10-23 13:46:16', '109', '2', '200.00000', '', '', '2018', '0', '2019-10-23 13:46:16');
INSERT INTO `data_record` VALUES ('2703', '50', '2019-10-23 13:53:21', '190', '6', '2.40000', '', '', '2018', '0', '2019-10-23 13:53:21');
INSERT INTO `data_record` VALUES ('2704', '50', '2019-10-23 13:53:21', '191', '6', '1.30000', '', '', '2018', '0', '2019-10-23 13:53:21');
INSERT INTO `data_record` VALUES ('2705', '50', '2019-10-23 13:53:21', '192', '6', '0.05000', '', '', '2018', '0', '2019-10-23 13:53:21');
INSERT INTO `data_record` VALUES ('2706', '50', '2019-10-23 13:53:21', '270', '5', '161.00000', '', '', '2018', '0', '2019-10-23 13:53:21');
INSERT INTO `data_record` VALUES ('2707', '50', '2019-10-23 13:53:21', '193', '6', '0.10000', '', '', '2018', '0', '2019-10-23 13:53:21');
INSERT INTO `data_record` VALUES ('2708', '50', '2019-10-23 13:53:21', '194', '6', '12.00000', '', '', '2018', '0', '2019-10-23 13:53:21');
INSERT INTO `data_record` VALUES ('2709', '50', '2019-10-23 13:53:21', '195', '7', '12890.00000', '', '', '2018', '0', '2019-10-23 13:53:21');
INSERT INTO `data_record` VALUES ('2710', '50', '2019-10-23 13:53:21', '273', '5', '50.00000', '', '', '2018', '0', '2019-10-23 13:53:21');
INSERT INTO `data_record` VALUES ('2711', '50', '2019-10-23 13:53:21', '196', '7', '20.00000', '', '', '2018', '0', '2019-10-23 13:53:21');
INSERT INTO `data_record` VALUES ('2712', '50', '2019-10-23 13:53:21', '197', '7', '12.00000', '', '', '2018', '0', '2019-10-23 13:53:21');
INSERT INTO `data_record` VALUES ('2713', '50', '2019-10-23 13:53:21', '198', '7', '0.50000', '', '', '2018', '0', '2019-10-23 13:53:21');
INSERT INTO `data_record` VALUES ('2714', '50', '2019-10-23 13:53:21', '276', '5', '23890.00000', '', '', '2018', '0', '2019-10-23 13:53:21');
INSERT INTO `data_record` VALUES ('2715', '50', '2019-10-23 13:53:21', '199', '7', '0.01000', '', '', '2018', '0', '2019-10-23 13:53:21');
INSERT INTO `data_record` VALUES ('2716', '50', '2019-10-23 13:53:21', '178', '1', '6789.00000', '', '', '2018', '0', '2019-10-23 13:53:21');
INSERT INTO `data_record` VALUES ('2717', '50', '2019-10-23 13:53:21', '179', '2', '5000.00000', '', '', '2018', '0', '2019-10-23 13:53:21');
INSERT INTO `data_record` VALUES ('2718', '50', '2019-10-23 13:53:21', '315', '14', '300.00000', '', '', '2018', '0', '2019-10-23 13:53:21');
INSERT INTO `data_record` VALUES ('2719', '50', '2019-10-23 13:53:21', '316', '14', '900.00000', '', '', '2018', '0', '2019-10-23 13:53:21');
INSERT INTO `data_record` VALUES ('2720', '50', '2019-10-23 13:53:21', '317', '14', '50.00000', '', '', '2018', '0', '2019-10-23 13:53:21');
INSERT INTO `data_record` VALUES ('2721', '50', '2019-10-23 13:53:21', '318', '14', '0.00000', '', '', '2018', '0', '2019-10-23 13:53:21');
INSERT INTO `data_record` VALUES ('2722', '50', '2019-10-23 13:53:21', '180', '2', '2000.00000', '', '', '2018', '0', '2019-10-23 13:53:21');
INSERT INTO `data_record` VALUES ('2723', '50', '2019-10-23 13:53:21', '181', '2', '300.00000', '', '', '2018', '0', '2019-10-23 13:53:21');
INSERT INTO `data_record` VALUES ('2724', '50', '2019-10-23 13:53:21', '182', '2', '200.00000', '', '', '2018', '0', '2019-10-23 13:53:21');
INSERT INTO `data_record` VALUES ('2725', '50', '2019-10-23 13:53:21', '183', '2', '120.00000', '', '', '2018', '0', '2019-10-23 13:53:21');
INSERT INTO `data_record` VALUES ('2726', '50', '2019-10-23 13:53:21', '184', '4', '56289.00000', '', '', '2018', '0', '2019-10-23 13:53:21');
INSERT INTO `data_record` VALUES ('2727', '50', '2019-10-23 13:53:21', '261', '5', '30.00000', '', '', '2018', '0', '2019-10-23 13:53:21');
INSERT INTO `data_record` VALUES ('2728', '50', '2019-10-23 13:53:21', '189', '6', '1679080.00000', '', '', '2018', '0', '2019-10-23 13:53:21');
INSERT INTO `data_record` VALUES ('2729', '50', '2019-10-23 13:53:21', '200', '7', '8.00000', '', '', '2018', '0', '2019-10-23 13:53:21');
INSERT INTO `data_record` VALUES ('2730', '50', '2019-10-23 13:53:21', '245', '1', '5872.00000', '', '', '2018', '0', '2019-10-23 13:53:21');
INSERT INTO `data_record` VALUES ('2731', '50', '2019-10-23 13:53:21', '246', '4', '26790.00000', '', '', '2018', '0', '2019-10-23 13:53:21');
INSERT INTO `data_record` VALUES ('2732', '50', '2019-10-23 13:53:21', '247', '5', '100.00000', '', '', '2018', '0', '2019-10-23 13:53:21');
INSERT INTO `data_record` VALUES ('2733', '50', '2019-10-23 13:53:21', '248', '5', '300.00000', '', '', '2018', '0', '2019-10-23 13:53:21');
INSERT INTO `data_record` VALUES ('2734', '26', '2019-10-23 13:58:12', '77', '6', '13456.00000', '', '', '2018', '0', '2019-10-23 13:58:12');
INSERT INTO `data_record` VALUES ('2735', '26', '2019-10-23 13:58:12', '78', '6', '2.50000', '', '', '2018', '0', '2019-10-23 13:58:12');
INSERT INTO `data_record` VALUES ('2736', '26', '2019-10-23 13:58:12', '79', '6', '0.03000', '', '', '2018', '0', '2019-10-23 13:58:12');
INSERT INTO `data_record` VALUES ('2737', '26', '2019-10-23 13:58:12', '270', '5', '76.00000', '', '', '2018', '0', '2019-10-23 13:58:12');
INSERT INTO `data_record` VALUES ('2738', '26', '2019-10-23 13:58:12', '261', '5', '32.00000', '', '', '2018', '0', '2019-10-23 13:58:12');
INSERT INTO `data_record` VALUES ('2739', '26', '2019-10-23 13:58:12', '274', '5', '56.00000', '', '', '2018', '0', '2019-10-23 13:58:12');
INSERT INTO `data_record` VALUES ('2740', '26', '2019-10-23 13:58:12', '276', '5', '12560.00000', '', '', '2018', '0', '2019-10-23 13:58:12');
INSERT INTO `data_record` VALUES ('2741', '26', '2019-10-23 13:58:12', '277', '7', '0.05000', '', '', '2018', '0', '2019-10-23 13:58:12');
INSERT INTO `data_record` VALUES ('2742', '26', '2019-10-23 13:58:12', '278', '7', '0.00100', '', '', '2018', '0', '2019-10-23 13:58:12');
INSERT INTO `data_record` VALUES ('2743', '26', '2019-10-23 13:58:12', '279', '7', '0.23000', '', '', '2018', '0', '2019-10-23 13:58:12');
INSERT INTO `data_record` VALUES ('2744', '26', '2019-10-23 13:58:12', '247', '5', '20.00000', '', '', '2018', '0', '2019-10-23 13:58:12');
INSERT INTO `data_record` VALUES ('2745', '26', '2019-10-23 13:58:12', '248', '5', '120.00000', '', '', '2018', '0', '2019-10-23 13:58:12');
INSERT INTO `data_record` VALUES ('2746', '26', '2019-10-23 13:58:12', '315', '14', '200.00000', '', '', '2018', '0', '2019-10-23 13:58:12');
INSERT INTO `data_record` VALUES ('2747', '26', '2019-10-23 13:58:12', '316', '14', '750.00000', '', '', '2018', '0', '2019-10-23 13:58:12');
INSERT INTO `data_record` VALUES ('2748', '26', '2019-10-23 13:58:12', '80', '7', '17806.00000', '', '', '2018', '0', '2019-10-23 13:58:12');
INSERT INTO `data_record` VALUES ('2749', '26', '2019-10-23 13:58:12', '70', '1', '800.00000', '', '', '2018', '0', '2019-10-23 13:58:12');
INSERT INTO `data_record` VALUES ('2750', '26', '2019-10-23 13:58:12', '317', '14', '50.00000', '', '', '2018', '0', '2019-10-23 13:58:12');
INSERT INTO `data_record` VALUES ('2751', '26', '2019-10-23 13:58:12', '81', '7', '0.40000', '', '', '2018', '0', '2019-10-23 13:58:12');
INSERT INTO `data_record` VALUES ('2752', '26', '2019-10-23 13:58:12', '71', '2', '200.00000', '', '', '2018', '0', '2019-10-23 13:58:12');
INSERT INTO `data_record` VALUES ('2753', '26', '2019-10-23 13:58:12', '318', '14', '0.00000', '', '', '2018', '0', '2019-10-23 13:58:12');
INSERT INTO `data_record` VALUES ('2754', '26', '2019-10-23 13:58:12', '82', '7', '0.01000', '', '', '2018', '0', '2019-10-23 13:58:12');
INSERT INTO `data_record` VALUES ('2755', '26', '2019-10-23 13:58:12', '72', '4', '26378.00000', '', '', '2018', '0', '2019-10-23 13:58:12');
INSERT INTO `data_record` VALUES ('2756', '26', '2019-10-23 13:58:12', '83', '7', '0.00200', '', '', '2018', '0', '2019-10-23 13:58:12');
INSERT INTO `data_record` VALUES ('2757', '26', '2019-10-23 13:58:12', '84', '7', '0.02000', '', '', '2018', '0', '2019-10-23 13:58:12');
INSERT INTO `data_record` VALUES ('2758', '51', '2019-10-23 14:04:00', '66', '7', '0.00100', '', '', '2018', '0', '2019-10-23 14:04:00');
INSERT INTO `data_record` VALUES ('2759', '51', '2019-10-23 14:04:00', '47', '1', '750.00000', '', '', '2018', '0', '2019-10-23 14:04:00');
INSERT INTO `data_record` VALUES ('2760', '51', '2019-10-23 14:04:00', '48', '2', '50.00000', '', '', '2018', '0', '2019-10-23 14:04:00');
INSERT INTO `data_record` VALUES ('2761', '51', '2019-10-23 14:04:00', '49', '2', '100.00000', '', '', '2018', '0', '2019-10-23 14:04:00');
INSERT INTO `data_record` VALUES ('2762', '51', '2019-10-23 14:04:00', '270', '5', '150.00000', '', '', '2018', '0', '2019-10-23 14:04:00');
INSERT INTO `data_record` VALUES ('2763', '51', '2019-10-23 14:04:00', '274', '5', '100.00000', '', '', '2018', '0', '2019-10-23 14:04:00');
INSERT INTO `data_record` VALUES ('2764', '51', '2019-10-23 14:04:00', '276', '5', '67965.00000', '', '', '2018', '0', '2019-10-23 14:04:00');
INSERT INTO `data_record` VALUES ('2765', '51', '2019-10-23 14:04:00', '315', '14', '100.00000', '', '', '2018', '0', '2019-10-23 14:04:00');
INSERT INTO `data_record` VALUES ('2766', '51', '2019-10-23 14:04:00', '316', '14', '850.00000', '', '', '2018', '0', '2019-10-23 14:04:00');
INSERT INTO `data_record` VALUES ('2767', '51', '2019-10-23 14:04:00', '317', '14', '50.00000', '', '', '2018', '0', '2019-10-23 14:04:00');
INSERT INTO `data_record` VALUES ('2768', '51', '2019-10-23 14:04:00', '318', '14', '0.00000', '', '', '2018', '0', '2019-10-23 14:04:00');
INSERT INTO `data_record` VALUES ('2769', '51', '2019-10-23 14:04:00', '50', '4', '12907.00000', '', '', '2018', '0', '2019-10-23 14:04:00');
INSERT INTO `data_record` VALUES ('2770', '51', '2019-10-23 14:04:00', '55', '6', '56190.00000', '', '', '2018', '0', '2019-10-23 14:04:00');
INSERT INTO `data_record` VALUES ('2771', '51', '2019-10-23 14:04:00', '56', '6', '12.00000', '', '', '2018', '0', '2019-10-23 14:04:00');
INSERT INTO `data_record` VALUES ('2772', '51', '2019-10-23 14:04:00', '57', '6', '240.00000', '', '', '2018', '0', '2019-10-23 14:04:00');
INSERT INTO `data_record` VALUES ('2773', '51', '2019-10-23 14:04:00', '58', '6', '0.35000', '', '', '2018', '0', '2019-10-23 14:04:00');
INSERT INTO `data_record` VALUES ('2774', '51', '2019-10-23 14:04:00', '59', '7', '30783.00000', '', '', '2018', '0', '2019-10-23 14:04:00');
INSERT INTO `data_record` VALUES ('2775', '51', '2019-10-23 14:04:00', '261', '5', '30.00000', '', '', '2018', '0', '2019-10-23 14:04:00');
INSERT INTO `data_record` VALUES ('2776', '51', '2019-10-23 14:04:00', '247', '5', '50.00000', '', '', '2018', '0', '2019-10-23 14:04:00');
INSERT INTO `data_record` VALUES ('2777', '51', '2019-10-23 14:04:00', '248', '5', '100.00000', '', '', '2018', '0', '2019-10-23 14:04:00');
INSERT INTO `data_record` VALUES ('2778', '51', '2019-10-23 14:04:00', '60', '7', '2.50000', '', '', '2018', '0', '2019-10-23 14:04:00');
INSERT INTO `data_record` VALUES ('2779', '51', '2019-10-23 14:04:00', '61', '7', '0.41000', '', '', '2018', '0', '2019-10-23 14:04:00');
INSERT INTO `data_record` VALUES ('2780', '51', '2019-10-23 14:04:00', '62', '7', '0.02000', '', '', '2018', '0', '2019-10-23 14:04:00');
INSERT INTO `data_record` VALUES ('2781', '51', '2019-10-23 14:04:00', '63', '7', '0.03000', '', '', '2018', '0', '2019-10-23 14:04:00');
INSERT INTO `data_record` VALUES ('2782', '51', '2019-10-23 14:04:00', '64', '7', '0.05000', '', '', '2018', '0', '2019-10-23 14:04:00');
INSERT INTO `data_record` VALUES ('2783', '51', '2019-10-23 14:04:00', '65', '7', '0.12000', '', '', '2018', '0', '2019-10-23 14:04:00');
INSERT INTO `data_record` VALUES ('2784', '52', '2019-10-23 14:12:27', '170', '7', '15.20000', '', '', '2018', '0', '2019-10-23 14:12:27');
INSERT INTO `data_record` VALUES ('2785', '52', '2019-10-23 14:12:27', '171', '7', '6.10000', '', '', '2018', '0', '2019-10-23 14:12:27');
INSERT INTO `data_record` VALUES ('2786', '52', '2019-10-23 14:12:27', '271', '5', '150.00000', '', '', '2018', '0', '2019-10-23 14:12:27');
INSERT INTO `data_record` VALUES ('2787', '52', '2019-10-23 14:12:27', '172', '7', '0.21000', '', '', '2018', '0', '2019-10-23 14:12:27');
INSERT INTO `data_record` VALUES ('2788', '52', '2019-10-23 14:12:27', '173', '7', '0.10000', '', '', '2018', '0', '2019-10-23 14:12:27');
INSERT INTO `data_record` VALUES ('2789', '52', '2019-10-23 14:12:27', '174', '7', '0.05000', '', '', '2018', '0', '2019-10-23 14:12:27');
INSERT INTO `data_record` VALUES ('2790', '52', '2019-10-23 14:12:27', '276', '5', '10264.00000', '', '', '2018', '0', '2019-10-23 14:12:27');
INSERT INTO `data_record` VALUES ('2791', '52', '2019-10-23 14:12:27', '156', '1', '500.00000', '', '', '2018', '0', '2019-10-23 14:12:27');
INSERT INTO `data_record` VALUES ('2792', '52', '2019-10-23 14:12:27', '157', '2', '20.00000', '', '', '2018', '0', '2019-10-23 14:12:27');
INSERT INTO `data_record` VALUES ('2793', '52', '2019-10-23 14:12:27', '256', '5', '200.00000', '', '', '2018', '0', '2019-10-23 14:12:27');
INSERT INTO `data_record` VALUES ('2794', '52', '2019-10-23 14:12:27', '158', '2', '100.00000', '', '', '2018', '0', '2019-10-23 14:12:27');
INSERT INTO `data_record` VALUES ('2795', '52', '2019-10-23 14:12:27', '315', '14', '150.00000', '', '', '2018', '0', '2019-10-23 14:12:27');
INSERT INTO `data_record` VALUES ('2796', '52', '2019-10-23 14:12:27', '316', '14', '900.00000', '', '', '2018', '0', '2019-10-23 14:12:27');
INSERT INTO `data_record` VALUES ('2797', '52', '2019-10-23 14:12:27', '317', '14', '50.00000', '', '', '2018', '0', '2019-10-23 14:12:27');
INSERT INTO `data_record` VALUES ('2798', '52', '2019-10-23 14:12:27', '318', '14', '0.00000', '', '', '2018', '0', '2019-10-23 14:12:27');
INSERT INTO `data_record` VALUES ('2799', '52', '2019-10-23 14:12:27', '280', '2', '30.00000', '', '', '2018', '0', '2019-10-23 14:12:27');
INSERT INTO `data_record` VALUES ('2800', '52', '2019-10-23 14:12:27', '281', '2', '50.00000', '', '', '2018', '0', '2019-10-23 14:12:27');
INSERT INTO `data_record` VALUES ('2801', '52', '2019-10-23 14:12:27', '160', '4', '378110.00000', '', '', '2018', '0', '2019-10-23 14:12:27');
INSERT INTO `data_record` VALUES ('2802', '52', '2019-10-23 14:12:27', '282', '2', '15.00000', '', '', '2018', '0', '2019-10-23 14:12:27');
INSERT INTO `data_record` VALUES ('2803', '52', '2019-10-23 14:12:27', '283', '6', '12.00000', '', '', '2018', '0', '2019-10-23 14:12:27');
INSERT INTO `data_record` VALUES ('2804', '52', '2019-10-23 14:12:27', '284', '6', '7.00000', '', '', '2018', '0', '2019-10-23 14:12:27');
INSERT INTO `data_record` VALUES ('2805', '52', '2019-10-23 14:12:27', '164', '6', '25780.00000', '', '', '2018', '0', '2019-10-23 14:12:27');
INSERT INTO `data_record` VALUES ('2806', '52', '2019-10-23 14:12:27', '165', '6', '11.90000', '', '', '2018', '0', '2019-10-23 14:12:27');
INSERT INTO `data_record` VALUES ('2807', '52', '2019-10-23 14:12:27', '166', '6', '7.80000', '', '', '2018', '0', '2019-10-23 14:12:27');
INSERT INTO `data_record` VALUES ('2808', '52', '2019-10-23 14:12:27', '167', '6', '23.00000', '', '', '2018', '0', '2019-10-23 14:12:27');
INSERT INTO `data_record` VALUES ('2809', '52', '2019-10-23 14:12:27', '168', '6', '230.00000', '', '', '2018', '0', '2019-10-23 14:12:27');
INSERT INTO `data_record` VALUES ('2810', '52', '2019-10-23 14:12:27', '169', '7', '12896.00000', '', '', '2018', '0', '2019-10-23 14:12:27');
INSERT INTO `data_record` VALUES ('2844', '32', '2019-10-23 14:59:59', '260', '5', '20.00000', '', '', '2018', '0', '2019-10-23 14:59:59');
INSERT INTO `data_record` VALUES ('2845', '32', '2019-10-23 14:59:59', '261', '5', '45.00000', '', '', '2018', '0', '2019-10-23 14:59:59');
INSERT INTO `data_record` VALUES ('2846', '32', '2019-10-23 14:59:59', '240', '6', '100.00000', '', '', '2018', '0', '2019-10-23 14:59:59');
INSERT INTO `data_record` VALUES ('2847', '32', '2019-10-23 14:59:59', '230', '4', '23075.00000', '', '', '2018', '0', '2019-10-23 14:59:59');
INSERT INTO `data_record` VALUES ('2848', '32', '2019-10-23 14:59:59', '241', '6', '0.00000', '', '', '2018', '0', '2019-10-23 14:59:59');
INSERT INTO `data_record` VALUES ('2849', '32', '2019-10-23 14:59:59', '275', '5', '117.00000', '', '', '2018', '0', '2019-10-23 14:59:59');
INSERT INTO `data_record` VALUES ('2850', '32', '2019-10-23 14:59:59', '242', '7', '5672.00000', '', '', '2018', '0', '2019-10-23 14:59:59');
INSERT INTO `data_record` VALUES ('2851', '32', '2019-10-23 14:59:59', '276', '5', '10267.00000', '', '', '2018', '0', '2019-10-23 14:59:59');
INSERT INTO `data_record` VALUES ('2852', '32', '2019-10-23 14:59:59', '243', '7', '2.56000', '', '', '2018', '0', '2019-10-23 14:59:59');
INSERT INTO `data_record` VALUES ('2853', '32', '2019-10-23 14:59:59', '310', '6', '0.50000', '', '', '2018', '0', '2019-10-23 14:59:59');
INSERT INTO `data_record` VALUES ('2854', '32', '2019-10-23 14:59:59', '244', '7', '1.01000', '', '', '2018', '0', '2019-10-23 14:59:59');
INSERT INTO `data_record` VALUES ('2855', '32', '2019-10-23 14:59:59', '248', '5', '350.00000', '', '', '2018', '0', '2019-10-23 14:59:59');
INSERT INTO `data_record` VALUES ('2856', '32', '2019-10-23 14:59:59', '237', '6', '10782.00000', '', '', '2018', '0', '2019-10-23 14:59:59');
INSERT INTO `data_record` VALUES ('2857', '32', '2019-10-23 14:59:59', '227', '1', '690.00000', '', '', '2018', '0', '2019-10-23 14:59:59');
INSERT INTO `data_record` VALUES ('2858', '32', '2019-10-23 14:59:59', '238', '6', '12.50000', '', '', '2018', '0', '2019-10-23 14:59:59');
INSERT INTO `data_record` VALUES ('2859', '32', '2019-10-23 14:59:59', '228', '2', '1030.00000', '', '', '2018', '0', '2019-10-23 14:59:59');
INSERT INTO `data_record` VALUES ('2860', '32', '2019-10-23 14:59:59', '239', '6', '6.70000', '', '', '2018', '0', '2019-10-23 14:59:59');
INSERT INTO `data_record` VALUES ('2861', '32', '2019-10-23 14:59:59', '229', '2', '500.00000', '', '', '2018', '0', '2019-10-23 14:59:59');
INSERT INTO `data_record` VALUES ('2862', '32', '2019-10-23 14:59:59', '306', '2', '150.00000', '', '', '2018', '0', '2019-10-23 14:59:59');
INSERT INTO `data_record` VALUES ('2863', '32', '2019-10-23 14:59:59', '307', '2', '80.00000', '', '', '2018', '0', '2019-10-23 14:59:59');
INSERT INTO `data_record` VALUES ('2864', '32', '2019-10-23 14:59:59', '308', '2', '60.00000', '', '', '2018', '0', '2019-10-23 14:59:59');
INSERT INTO `data_record` VALUES ('2865', '32', '2019-10-23 14:59:59', '309', '6', '2.10000', '', '', '2018', '0', '2019-10-23 14:59:59');
INSERT INTO `data_record` VALUES ('2922', '15', '2019-10-23 15:30:20', '291', '2', '75.00000', '', '', '2018', '0', '2019-10-23 15:30:20');
INSERT INTO `data_record` VALUES ('2923', '15', '2019-10-23 15:30:20', '292', '2', '60.00000', '', '', '2018', '0', '2019-10-23 15:30:20');
INSERT INTO `data_record` VALUES ('2924', '15', '2019-10-23 15:30:20', '294', '2', '200.00000', '', '', '2018', '0', '2019-10-23 15:30:20');
INSERT INTO `data_record` VALUES ('2925', '15', '2019-10-23 15:30:20', '296', '6', '0.56000', '', '', '2018', '0', '2019-10-23 15:30:20');
INSERT INTO `data_record` VALUES ('2926', '15', '2019-10-23 15:30:20', '275', '5', '3010.00000', '', '', '2018', '0', '2019-10-23 15:30:20');
INSERT INTO `data_record` VALUES ('2927', '15', '2019-10-23 15:30:20', '297', '6', '0.02000', '', '', '2018', '0', '2019-10-23 15:30:20');
INSERT INTO `data_record` VALUES ('2928', '15', '2019-10-23 15:30:20', '210', '2', '5420.00000', '', '', '2018', '0', '2019-10-23 15:30:20');
INSERT INTO `data_record` VALUES ('2929', '15', '2019-10-23 15:30:20', '276', '5', '83097.00000', '', '', '2018', '0', '2019-10-23 15:30:20');
INSERT INTO `data_record` VALUES ('2930', '15', '2019-10-23 15:30:20', '298', '6', '0.10000', '', '', '2018', '0', '2019-10-23 15:30:20');
INSERT INTO `data_record` VALUES ('2931', '15', '2019-10-23 15:30:20', '211', '2', '2981.00000', '', '', '2018', '0', '2019-10-23 15:30:20');
INSERT INTO `data_record` VALUES ('2932', '15', '2019-10-23 15:30:20', '299', '7', '5034.00000', '', '', '2018', '0', '2019-10-23 15:30:20');
INSERT INTO `data_record` VALUES ('2933', '15', '2019-10-23 15:30:20', '212', '4', '23098.00000', '', '', '2018', '0', '2019-10-23 15:30:20');
INSERT INTO `data_record` VALUES ('2934', '15', '2019-10-23 15:30:20', '219', '6', '20987.00000', '', '', '2018', '0', '2019-10-23 15:30:20');
INSERT INTO `data_record` VALUES ('2935', '15', '2019-10-23 15:30:20', '260', '5', '34.00000', '', '', '2018', '0', '2019-10-23 15:30:20');
INSERT INTO `data_record` VALUES ('2936', '15', '2019-10-23 15:30:20', '261', '5', '68.00000', '', '', '2018', '0', '2019-10-23 15:30:20');
INSERT INTO `data_record` VALUES ('2937', '15', '2019-10-23 15:30:20', '220', '6', '12.50000', '', '', '2018', '0', '2019-10-23 15:30:20');
INSERT INTO `data_record` VALUES ('2938', '15', '2019-10-23 15:30:20', '221', '6', '18.70000', '', '', '2018', '0', '2019-10-23 15:30:20');
INSERT INTO `data_record` VALUES ('2939', '15', '2019-10-23 15:30:20', '222', '6', '158.00000', '', '', '2018', '0', '2019-10-23 15:30:20');
INSERT INTO `data_record` VALUES ('2940', '15', '2019-10-23 15:30:20', '223', '6', '18.00000', '', '', '2018', '0', '2019-10-23 15:30:20');
INSERT INTO `data_record` VALUES ('2941', '15', '2019-10-23 15:30:20', '300', '7', '11.00000', '', '', '2018', '0', '2019-10-23 15:30:20');
INSERT INTO `data_record` VALUES ('2942', '15', '2019-10-23 15:30:20', '224', '6', '10.20000', '', '', '2018', '0', '2019-10-23 15:30:20');
INSERT INTO `data_record` VALUES ('2943', '15', '2019-10-23 15:30:20', '301', '7', '2.98000', '', '', '2018', '0', '2019-10-23 15:30:20');
INSERT INTO `data_record` VALUES ('2944', '15', '2019-10-23 15:30:20', '302', '7', '0.38000', '', '', '2018', '0', '2019-10-23 15:30:20');
INSERT INTO `data_record` VALUES ('2945', '15', '2019-10-23 15:30:20', '225', '8', '350.00000', '', '', '2018', '0', '2019-10-23 15:30:20');
INSERT INTO `data_record` VALUES ('2946', '15', '2019-10-23 15:30:20', '248', '5', '300.00000', '', '', '2018', '0', '2019-10-23 15:30:20');
INSERT INTO `data_record` VALUES ('2947', '15', '2019-10-23 15:30:20', '303', '7', '0.21000', '', '', '2018', '0', '2019-10-23 15:30:20');
INSERT INTO `data_record` VALUES ('2948', '15', '2019-10-23 15:30:20', '226', '8', '90.00000', '', '', '2018', '0', '2019-10-23 15:30:20');
INSERT INTO `data_record` VALUES ('2949', '15', '2019-10-23 15:30:20', '205', '1', '12098.00000', '', '', '2018', '0', '2019-10-23 15:30:20');
INSERT INTO `data_record` VALUES ('2950', '15', '2019-10-23 15:30:20', '304', '7', '0.05000', '', '', '2018', '0', '2019-10-23 15:30:20');
INSERT INTO `data_record` VALUES ('2951', '15', '2019-10-23 15:30:20', '206', '2', '15980.00000', '', '', '2018', '0', '2019-10-23 15:30:20');
INSERT INTO `data_record` VALUES ('2952', '15', '2019-10-23 15:30:20', '305', '7', '0.01000', '', '', '2018', '0', '2019-10-23 15:30:20');
INSERT INTO `data_record` VALUES ('2953', '15', '2019-10-23 15:30:20', '207', '2', '4309.00000', '', '', '2018', '0', '2019-10-23 15:30:20');
INSERT INTO `data_record` VALUES ('2954', '15', '2019-10-23 15:30:20', '208', '2', '8907.00000', '', '', '2018', '0', '2019-10-23 15:30:20');
INSERT INTO `data_record` VALUES ('2955', '15', '2019-10-23 15:30:20', '209', '2', '6723.00000', '', '', '2018', '0', '2019-10-23 15:30:20');
INSERT INTO `data_record` VALUES ('2956', '16', '2019-10-23 15:35:17', '291', '2', '60.00000', '', '', '2018', '0', '2019-10-23 15:35:17');
INSERT INTO `data_record` VALUES ('2957', '16', '2019-10-23 15:35:17', '292', '2', '70.00000', '', '', '2018', '0', '2019-10-23 15:35:17');
INSERT INTO `data_record` VALUES ('2958', '16', '2019-10-23 15:35:17', '294', '2', '300.00000', '', '', '2018', '0', '2019-10-23 15:35:17');
INSERT INTO `data_record` VALUES ('2959', '16', '2019-10-23 15:35:17', '296', '6', '0.23000', '', '', '2018', '0', '2019-10-23 15:35:17');
INSERT INTO `data_record` VALUES ('2960', '16', '2019-10-23 15:35:17', '275', '5', '2020.00000', '', '', '2018', '0', '2019-10-23 15:35:17');
INSERT INTO `data_record` VALUES ('2961', '16', '2019-10-23 15:35:17', '297', '6', '0.35000', '', '', '2018', '0', '2019-10-23 15:35:17');
INSERT INTO `data_record` VALUES ('2962', '16', '2019-10-23 15:35:17', '210', '2', '4780.00000', '', '', '2018', '0', '2019-10-23 15:35:17');
INSERT INTO `data_record` VALUES ('2963', '16', '2019-10-23 15:35:17', '276', '5', '12671.00000', '', '', '2018', '0', '2019-10-23 15:35:17');
INSERT INTO `data_record` VALUES ('2964', '16', '2019-10-23 15:35:17', '298', '6', '0.01000', '', '', '2018', '0', '2019-10-23 15:35:17');
INSERT INTO `data_record` VALUES ('2965', '16', '2019-10-23 15:35:17', '211', '2', '2907.00000', '', '', '2018', '0', '2019-10-23 15:35:17');
INSERT INTO `data_record` VALUES ('2966', '16', '2019-10-23 15:35:17', '299', '7', '3401.00000', '', '', '2018', '0', '2019-10-23 15:35:17');
INSERT INTO `data_record` VALUES ('2967', '16', '2019-10-23 15:35:17', '212', '4', '7820.00000', '', '', '2018', '0', '2019-10-23 15:35:17');
INSERT INTO `data_record` VALUES ('2968', '16', '2019-10-23 15:35:17', '219', '6', '12653.00000', '', '', '2018', '0', '2019-10-23 15:35:17');
INSERT INTO `data_record` VALUES ('2969', '16', '2019-10-23 15:35:17', '260', '5', '35.00000', '', '', '2018', '0', '2019-10-23 15:35:17');
INSERT INTO `data_record` VALUES ('2970', '16', '2019-10-23 15:35:17', '261', '5', '40.00000', '', '', '2018', '0', '2019-10-23 15:35:17');
INSERT INTO `data_record` VALUES ('2971', '16', '2019-10-23 15:35:17', '220', '6', '23.00000', '', '', '2018', '0', '2019-10-23 15:35:17');
INSERT INTO `data_record` VALUES ('2972', '16', '2019-10-23 15:35:17', '221', '6', '11.20000', '', '', '2018', '0', '2019-10-23 15:35:17');
INSERT INTO `data_record` VALUES ('2973', '16', '2019-10-23 15:35:17', '222', '6', '210.00000', '', '', '2018', '0', '2019-10-23 15:35:17');
INSERT INTO `data_record` VALUES ('2974', '16', '2019-10-23 15:35:17', '223', '6', '15.00000', '', '', '2018', '0', '2019-10-23 15:35:17');
INSERT INTO `data_record` VALUES ('2975', '16', '2019-10-23 15:35:17', '300', '7', '2.70000', '', '', '2018', '0', '2019-10-23 15:35:17');
INSERT INTO `data_record` VALUES ('2976', '16', '2019-10-23 15:35:17', '224', '6', '6.80000', '', '', '2018', '0', '2019-10-23 15:35:17');
INSERT INTO `data_record` VALUES ('2977', '16', '2019-10-23 15:35:17', '301', '7', '4.90000', '', '', '2018', '0', '2019-10-23 15:35:17');
INSERT INTO `data_record` VALUES ('2978', '16', '2019-10-23 15:35:17', '302', '7', '0.35000', '', '', '2018', '0', '2019-10-23 15:35:17');
INSERT INTO `data_record` VALUES ('2979', '16', '2019-10-23 15:35:17', '225', '8', '150.00000', '', '', '2018', '0', '2019-10-23 15:35:17');
INSERT INTO `data_record` VALUES ('2980', '16', '2019-10-23 15:35:17', '204', '1', '8672.00000', '', '', '2018', '0', '2019-10-23 15:35:17');
INSERT INTO `data_record` VALUES ('2981', '16', '2019-10-23 15:35:17', '248', '5', '200.00000', '', '', '2018', '0', '2019-10-23 15:35:17');
INSERT INTO `data_record` VALUES ('2982', '16', '2019-10-23 15:35:17', '303', '7', '0.21000', '', '', '2018', '0', '2019-10-23 15:35:17');
INSERT INTO `data_record` VALUES ('2983', '16', '2019-10-23 15:35:17', '226', '8', '60.00000', '', '', '2018', '0', '2019-10-23 15:35:17');
INSERT INTO `data_record` VALUES ('2984', '16', '2019-10-23 15:35:17', '304', '7', '0.03000', '', '', '2018', '0', '2019-10-23 15:35:17');
INSERT INTO `data_record` VALUES ('2985', '16', '2019-10-23 15:35:17', '206', '2', '13472.00000', '', '', '2018', '0', '2019-10-23 15:35:17');
INSERT INTO `data_record` VALUES ('2986', '16', '2019-10-23 15:35:17', '305', '7', '0.05000', '', '', '2018', '0', '2019-10-23 15:35:17');
INSERT INTO `data_record` VALUES ('2987', '16', '2019-10-23 15:35:17', '207', '2', '2389.00000', '', '', '2018', '0', '2019-10-23 15:35:17');
INSERT INTO `data_record` VALUES ('2988', '16', '2019-10-23 15:35:17', '208', '2', '7802.00000', '', '', '2018', '0', '2019-10-23 15:35:17');
INSERT INTO `data_record` VALUES ('2989', '16', '2019-10-23 15:35:17', '209', '2', '5652.00000', '', '', '2018', '0', '2019-10-23 15:35:17');
INSERT INTO `data_record` VALUES ('2990', '15', '2019-10-26 11:49:43', '296', '6', '0.00000', '', '', '2018', '0', '2019-10-26 11:49:44');
INSERT INTO `data_record` VALUES ('2991', '15', '2019-10-26 11:49:43', '220', '6', '0.00000', '', '', '2018', '0', '2019-10-26 11:49:44');
INSERT INTO `data_record` VALUES ('2992', '15', '2019-10-26 11:49:43', '297', '6', '0.00000', '', '', '2018', '-1', '2019-10-26 11:49:44');
INSERT INTO `data_record` VALUES ('2993', '15', '2019-10-26 11:49:43', '221', '6', '0.00000', '', '', '2018', '0', '2019-10-26 11:49:44');
INSERT INTO `data_record` VALUES ('2994', '15', '2019-10-26 11:49:43', '298', '6', '0.00000', '', '', '2018', '0', '2019-10-26 11:49:44');
INSERT INTO `data_record` VALUES ('2995', '15', '2019-10-26 11:49:43', '222', '6', '0.00000', '', '', '2018', '0', '2019-10-26 11:49:44');
INSERT INTO `data_record` VALUES ('2996', '15', '2019-10-26 11:49:43', '299', '7', '0.00000', '', '', '2018', '0', '2019-10-26 11:49:44');
INSERT INTO `data_record` VALUES ('2997', '15', '2019-10-26 11:49:43', '212', '4', '0.00000', '', '', '2018', '0', '2019-10-26 11:49:44');
INSERT INTO `data_record` VALUES ('2998', '15', '2019-10-26 11:49:43', '223', '6', '0.00000', '', '', '2018', '0', '2019-10-26 11:49:44');
INSERT INTO `data_record` VALUES ('2999', '15', '2019-10-26 11:49:43', '300', '7', '0.00000', '', '', '2018', '0', '2019-10-26 11:49:44');
INSERT INTO `data_record` VALUES ('3000', '15', '2019-10-26 11:49:43', '224', '6', '0.00000', '', '', '2018', '0', '2019-10-26 11:49:44');
INSERT INTO `data_record` VALUES ('3001', '15', '2019-10-26 11:49:43', '301', '7', '0.00000', '', '', '2018', '0', '2019-10-26 11:49:44');
INSERT INTO `data_record` VALUES ('3002', '15', '2019-10-26 11:49:43', '302', '7', '0.00000', '', '', '2018', '0', '2019-10-26 11:49:44');
INSERT INTO `data_record` VALUES ('3003', '15', '2019-10-26 11:49:43', '225', '8', '0.00000', '', '', '2018', '0', '2019-10-26 11:49:44');
INSERT INTO `data_record` VALUES ('3004', '15', '2019-10-26 11:49:43', '303', '7', '0.00000', '', '', '2018', '0', '2019-10-26 11:49:44');
INSERT INTO `data_record` VALUES ('3005', '15', '2019-10-26 11:49:43', '226', '8', '0.00000', '', '', '2018', '0', '2019-10-26 11:49:44');
INSERT INTO `data_record` VALUES ('3006', '15', '2019-10-26 11:49:43', '205', '1', '0.00000', '', '', '2018', '0', '2019-10-26 11:49:44');
INSERT INTO `data_record` VALUES ('3007', '15', '2019-10-26 11:49:43', '304', '7', '0.00000', '', '', '2018', '0', '2019-10-26 11:49:44');
INSERT INTO `data_record` VALUES ('3008', '15', '2019-10-26 11:49:43', '305', '7', '0.00000', '', '', '2018', '0', '2019-10-26 11:49:44');
INSERT INTO `data_record` VALUES ('3009', '15', '2019-10-26 11:49:43', '219', '6', '0.00000', '', '', '2018', '0', '2019-10-26 11:49:44');

-- ----------------------------
-- Table structure for energy_consume
-- ----------------------------
DROP TABLE IF EXISTS `energy_consume`;
CREATE TABLE `energy_consume` (
  `id` int(11) NOT NULL AUTO_INCREMENT,
  `category_id` varchar(10) NOT NULL,
  `ratio` float NOT NULL,
  `unit` varchar(255) DEFAULT NULL,
  `hot_num` float DEFAULT '0' COMMENT '燃料低位发热量',
  `carbon_num` float DEFAULT '0' COMMENT '单位热值含碳量',
  `burn_percent` float DEFAULT '0' COMMENT '燃料碳氧化率',
  `created_time` datetime DEFAULT CURRENT_TIMESTAMP,
  PRIMARY KEY (`id`)
) ENGINE=InnoDB AUTO_INCREMENT=43 DEFAULT CHARSET=utf8;

-- ----------------------------
-- Records of energy_consume
-- ----------------------------
INSERT INTO `energy_consume` VALUES ('1', '248', '714.3', 'kgce/t', '23.204', '0.02618', '0.93', '2019-01-12 10:51:14');
INSERT INTO `energy_consume` VALUES ('2', '247', '714.3', 'kgce/t', '24.515', '0.02749', '0.94', '2019-01-12 10:51:28');
INSERT INTO `energy_consume` VALUES ('3', '250', '900', 'kgce/t', '26.344', '0.0254', '0.93', '2019-01-12 10:51:43');
INSERT INTO `energy_consume` VALUES ('4', '254', '971.4', 'kgce/t', '28.446', '0.0294', '0.93', '2019-01-12 10:51:59');
INSERT INTO `energy_consume` VALUES ('5', '255', '1428.6', 'kgce/t', '42.62', '0.0201', '0.98', '2019-01-12 10:52:33');
INSERT INTO `energy_consume` VALUES ('6', '256', '1428.6', 'kgce/t', '40.19', '0.0211', '0.98', '2019-01-12 10:52:56');
INSERT INTO `energy_consume` VALUES ('7', '257', '1142.9', 'kgce/t', '0', '0', '0', '2019-01-12 10:53:26');
INSERT INTO `energy_consume` VALUES ('8', '258', '1257.1', 'kgce/t', '0', '0', '0', '2019-01-12 10:53:51');
INSERT INTO `energy_consume` VALUES ('9', '259', '1285.7', 'kgce/t', '0', '0', '0', '2019-01-12 10:54:28');
INSERT INTO `energy_consume` VALUES ('10', '260', '1471.4', 'kgce/t', '44.8', '0.0189', '0.98', '2019-01-12 10:54:51');
INSERT INTO `energy_consume` VALUES ('11', '261', '1457.1', 'kgce/t', '43.33', '0.0202', '0.98', '2019-01-12 10:55:20');
INSERT INTO `energy_consume` VALUES ('12', '262', '1471.4', 'kgce/t', '44.75', '0.0196', '0.98', '2019-01-12 10:55:39');
INSERT INTO `energy_consume` VALUES ('13', '268', '1428.6', 'kgce/t', '41.816', '0.0227', '0.98', '2019-01-12 10:55:59');
INSERT INTO `energy_consume` VALUES ('14', '267', '1714.3', 'kgce/t', '47.31', '0.0172', '0.99', '2019-01-12 10:56:24');
INSERT INTO `energy_consume` VALUES ('15', '270', '1.33', 'kgce/m3', '0.03893', '0.0153', '0.99', '2019-01-12 10:56:47');
INSERT INTO `energy_consume` VALUES ('16', '271', '0.6143', 'kgce/m3', '0.0173854', '0.0136', '0.99', '2019-01-12 10:57:04');
INSERT INTO `energy_consume` VALUES ('17', '273', '0.714', 'kgce/m3', '0', '0', '0', '2019-01-12 10:57:31');
INSERT INTO `energy_consume` VALUES ('18', '274', '1571.4', 'kgce/t', '46.05', '0.0182', '0.99', '2019-01-12 10:57:48');
INSERT INTO `energy_consume` VALUES ('19', '275', '0.03412', 'kgce/MJ', '0', '0', '0', '2019-01-12 10:58:04');
INSERT INTO `energy_consume` VALUES ('20', '276', '1.229', 'kgce/kwh', '0', '0', '0', '2019-01-12 10:58:37');
INSERT INTO `energy_consume` VALUES ('21', '7', '0.0857', 'kgce/t', '0', '0', '0', '2019-01-12 11:14:57');
INSERT INTO `energy_consume` VALUES ('22', '8', '0.0857', 'kgce/t', '0', '0', '0', '2019-01-12 11:14:57');
INSERT INTO `energy_consume` VALUES ('23', '50', '0.0857', 'kgce/t', '0', '0', '0', '2019-01-12 11:14:57');
INSERT INTO `energy_consume` VALUES ('24', '51', '0.0857', 'kgce/t', '0', '0', '0', '2019-01-12 11:14:57');
INSERT INTO `energy_consume` VALUES ('25', '72', '0.0857', 'kgce/t', '0', '0', '0', '2019-01-12 11:14:57');
INSERT INTO `energy_consume` VALUES ('26', '73', '0.0857', 'kgce/t', '0', '0', '0', '2019-01-12 11:14:57');
INSERT INTO `energy_consume` VALUES ('27', '93', '0.0857', 'kgce/t', '0', '0', '0', '2019-01-12 11:14:57');
INSERT INTO `energy_consume` VALUES ('28', '94', '0.0857', 'kgce/t', '0', '0', '0', '2019-01-12 11:14:57');
INSERT INTO `energy_consume` VALUES ('29', '114', '0.0857', 'kgce/t', '0', '0', '0', '2019-01-12 11:14:57');
INSERT INTO `energy_consume` VALUES ('30', '115', '0.0857', 'kgce/t', '0', '0', '0', '2019-01-12 11:14:57');
INSERT INTO `energy_consume` VALUES ('31', '160', '0.0857', 'kgce/t', '0', '0', '0', '2019-01-12 11:14:57');
INSERT INTO `energy_consume` VALUES ('32', '161', '0.0857', 'kgce/t', '0', '0', '0', '2019-01-12 11:14:57');
INSERT INTO `energy_consume` VALUES ('33', '184', '0.0857', 'kgce/t', '0', '0', '0', '2019-01-12 11:14:57');
INSERT INTO `energy_consume` VALUES ('34', '212', '0.0857', 'kgce/t', '0', '0', '0', '2019-01-12 11:14:57');
INSERT INTO `energy_consume` VALUES ('35', '213', '0.0857', 'kgce/t', '0', '0', '0', '2019-01-12 11:14:57');
INSERT INTO `energy_consume` VALUES ('36', '230', '0.0857', 'kgce/t', '0', '0', '0', '2019-01-12 11:14:57');
INSERT INTO `energy_consume` VALUES ('37', '231', '0.0857', 'kgce/t', '0', '0', '0', '2019-01-12 11:14:57');
INSERT INTO `energy_consume` VALUES ('38', '246', '0.0857', 'kgce/t', '0', '0', '0', '2019-01-12 11:14:57');
INSERT INTO `energy_consume` VALUES ('39', '157', '1142.9', 'kgce/t', '0', '0', '0', '2019-02-23 20:40:16');
INSERT INTO `energy_consume` VALUES ('40', '158', '1285.7', 'kgce/t', '0', '0', '0', '2019-01-12 10:54:28');
INSERT INTO `energy_consume` VALUES ('41', '280', '1257.1', 'kgce/t', '0', '0', '0', '2019-01-12 10:53:51');
INSERT INTO `energy_consume` VALUES ('42', '281', '1257.1', 'kgce/t', '0', '0', '0', '2019-01-12 10:53:51');

-- ----------------------------
-- Table structure for maunfacturer
-- ----------------------------
DROP TABLE IF EXISTS `maunfacturer`;
CREATE TABLE `maunfacturer` (
  `firm_id` int(11) NOT NULL AUTO_INCREMENT COMMENT '厂商id',
  `username` varchar(255) NOT NULL DEFAULT '' COMMENT '用户名',
  `password` varchar(255) NOT NULL COMMENT '密码',
  `firm_name` varchar(255) NOT NULL COMMENT '厂商名称',
  `product` varchar(255) NOT NULL COMMENT '产品',
  `productid` varchar(255) NOT NULL,
  `address` varchar(255) NOT NULL COMMENT '地址',
  `phone` varchar(255) DEFAULT NULL COMMENT '电话',
  `department` varchar(255) DEFAULT NULL COMMENT '所属部门',
  `email` varchar(255) DEFAULT NULL COMMENT '公司邮箱',
  `founding_time` datetime NOT NULL ON UPDATE CURRENT_TIMESTAMP COMMENT '公司成立时间',
  `register_time` datetime DEFAULT CURRENT_TIMESTAMP ON UPDATE CURRENT_TIMESTAMP COMMENT '注册时间',
  `update_time` datetime DEFAULT CURRENT_TIMESTAMP ON UPDATE CURRENT_TIMESTAMP COMMENT '更新时间',
  `desc` text CHARACTER SET utf8 COMMENT '公司描述',
  `grade` int(10) NOT NULL DEFAULT '-1' COMMENT '等级权限',
  PRIMARY KEY (`firm_id`)
) ENGINE=InnoDB AUTO_INCREMENT=54 DEFAULT CHARSET=utf8mb4;

-- ----------------------------
-- Records of maunfacturer
-- ----------------------------
INSERT INTO `maunfacturer` VALUES ('1', 'admin', 'admin', '风神轮胎股份有限公司', '轮胎生产_生产商', '8', '河南省平顶山', '17600181925', '生产部', '875253371@qq.com', '2019-02-23 20:10:17', '2019-02-23 20:10:17', '2019-02-23 20:10:17', '最伟大的轮胎生产商', '0');
INSERT INTO `maunfacturer` VALUES ('15', '风神轮胎股份有限公司-子午线', 'admin1', '风神轮胎股份有限公司-子午线', '子午线轮胎生产_生产商', '10', '河南省平顶山', '17600181925', '生产部', '875253371@qq.com', '2019-02-23 20:10:19', '2019-02-23 20:10:19', '2019-02-23 20:10:19', '最伟大的轮胎生产商', '0');
INSERT INTO `maunfacturer` VALUES ('16', '风神轮胎股份有限公司-斜交线', 'admin2', '风神轮胎股份有限公司-斜交线', '斜交线轮胎生产_生产商', '11', '河南省平顶山', '17600181925', '生产部', '875253371@qq.com', '2019-02-23 20:10:21', '2019-02-23 20:10:21', '2019-02-23 20:10:21', '最伟大的轮胎生产商', '0');
INSERT INTO `maunfacturer` VALUES ('26', 'hechengxiangjiao', 'hechengxiangjiao', '山西合成橡胶有限公司', '合成橡胶_顺丁橡胶_供应商', '3', '山西省大同市拥军北路1号', null, null, null, '2019-04-15 00:50:37', '2019-04-15 00:50:37', '2019-04-15 00:50:37', null, '1');
INSERT INTO `maunfacturer` VALUES ('30', 'ganglianxian001', 'ganglianxian002', '山东胜通钢帘线有限公司', '钢帘线_供应商', '1', '山东东营市垦利县山东省东营市中兴路', null, null, null, '2019-02-24 13:23:59', '2019-02-24 13:23:59', '2019-02-24 13:23:59', null, '1');
INSERT INTO `maunfacturer` VALUES ('31', 'taiquangangsi01', 'taiquangangsi01', '山东新黄海实业发展有限公司', '胎圈钢丝_供应商', '5', '山东东营市垦利县山东省东营市垦利县中兴路东首号', null, null, null, '2019-10-26 11:21:51', '2019-02-23 20:10:17', '2019-10-26 11:21:51', null, '1');
INSERT INTO `maunfacturer` VALUES ('32', 'feiqiluntai001', 'feiqiluntai001', '河北富源废旧轮胎再生有限公司', '再生胶_回收商', '9', '河北邯郸市邯郸县河北省邯郸市淘二煤矿', null, null, null, '2019-10-26 11:21:51', '2019-02-23 20:10:17', '2019-10-26 11:21:51', null, '2');
INSERT INTO `maunfacturer` VALUES ('38', 'LZSH', 'LZSH', '兰州石化合成橡胶厂', '合成橡胶_丁苯橡胶_供应商', '2', '甘肃兰州市西固区古浪路19#', null, null, null, '2019-10-26 11:21:51', '2019-02-23 20:10:17', '2019-10-26 11:21:51', null, '1');
INSERT INTO `maunfacturer` VALUES ('39', 'DSZ', 'DSZ', '中国石油天然气股份有限公司独山子石化分公司', '合成橡胶_顺丁橡胶_供应商', '3', '新疆克拉玛依市独山子区独山子区北京路6号', null, null, null, '2019-10-26 11:21:51', '2019-02-23 20:10:17', '2019-10-26 11:21:51', null, '1');
INSERT INTO `maunfacturer` VALUES ('40', 'DQSH', 'DQSH', '中国石油天然气股份有限公司大庆石化分公司', '合成橡胶_顺丁橡胶_供应商', '3', '黑龙江大庆市龙凤区卧里屯兴化村', null, null, null, '2019-10-26 11:21:51', '2019-02-23 20:10:17', '2019-10-26 11:21:51', null, '1');
INSERT INTO `maunfacturer` VALUES ('41', 'SCSH', 'SCSH', '中国石油四川石化有限责任公司', '合成橡胶_顺丁橡胶_供应商', '3', '四川成都市彭州市石化北路1号', null, null, null, '2019-10-26 11:21:51', '2019-02-23 20:10:17', '2019-10-26 11:21:51', null, '1');
INSERT INTO `maunfacturer` VALUES ('42', 'JMHX', 'JMHX', '骏马化纤股份有限公司', '尼龙帘布_供应商', '4', '江苏苏州市张家港市杨舍镇乘航河东路80号', null, null, null, '2019-10-26 11:21:51', '2019-02-23 20:10:17', '2019-10-26 11:21:51', null, '1');
INSERT INTO `maunfacturer` VALUES ('43', 'SMLZB', 'SMLZB', '平顶山神马帘子布发展有限公司', '尼龙帘布_供应商', '4', '河南平顶山市叶　县化工产业集聚区沙河三路南', null, null, null, '2019-10-26 11:21:51', '2019-02-23 20:10:17', '2019-10-26 11:21:51', null, '1');
INSERT INTO `maunfacturer` VALUES ('44', 'YZSH', 'YZSH', '南京扬子石化橡胶有限公司', '合成橡胶_顺丁橡胶_供应商', '3', '江苏南京市六合区化学工业园区丰华路299号', null, null, null, '2019-10-26 11:21:51', '2019-02-23 20:10:17', '2019-10-26 11:21:51', null, '1');
INSERT INTO `maunfacturer` VALUES ('45', 'LXHG', 'LXHG', '龙星化工股份有限公司', '炭黑_供应商', '6', '河北邢台市沙河市东环路龙星街一号', null, null, null, '2019-10-26 11:21:51', '2019-02-23 20:10:17', '2019-10-26 11:21:51', null, '1');
INSERT INTO `maunfacturer` VALUES ('46', 'HMTH', 'HMTH', '邯郸黑猫炭黑有限责任公司', '炭黑_供应商', '6', '河北邯郸市磁　县磁县煤化工业园区', null, null, null, '2019-10-26 11:21:51', '2019-02-23 20:10:17', '2019-10-26 11:21:51', null, '1');
INSERT INTO `maunfacturer` VALUES ('47', 'HCHMTH', 'HCHMTH', '韩城黑猫炭黑有限责任公司', '炭黑_供应商', '6', '陕西渭南市韩城市西庄煤化工业园', null, null, null, '2019-10-26 11:21:51', '2019-02-23 20:10:17', '2019-10-26 11:21:51', null, '1');
INSERT INTO `maunfacturer` VALUES ('48', 'ZHHB', 'ZHHB', '江苏中宏环保科技有限公司', '再生胶_回收商', '9', '江苏无锡市江阴市江阴市蟠龙山路78号', null, null, null, '2019-10-26 11:21:51', '2019-02-23 20:10:17', '2019-10-26 11:21:51', null, '2');
INSERT INTO `maunfacturer` VALUES ('49', 'SMSY', 'SMSY', '神马实业股份有限公司', '尼龙帘布_供应商', '4', '河南平顶山市卫东区建设中路63号', null, null, null, '2019-10-26 11:21:51', '2019-02-23 20:10:17', '2019-10-26 11:21:51', null, '1');
INSERT INTO `maunfacturer` VALUES ('50', 'SHGT', 'SHGT', '上海弋泰国际贸易有限公司', '天然橡胶_供应商', '7', '-省--市--区-', null, null, null, '2019-10-26 11:21:51', '2019-02-23 20:10:17', '2019-10-26 11:21:51', null, '1');
INSERT INTO `maunfacturer` VALUES ('51', 'BXXJ', 'BXXJ', '苏州搏祥橡胶制品有限公司', '合成橡胶_丁苯橡胶_供应商', '2', '-省--市--区-', null, null, null, '2019-10-26 11:21:51', '2019-02-23 20:10:17', '2019-10-26 11:21:51', null, '1');
INSERT INTO `maunfacturer` VALUES ('52', 'BHTH', 'BHTH', '苏州宝化炭黑有限公司', '炭黑_供应商', '6', '-省--市--区-', null, null, null, '2019-10-26 11:21:51', '2019-02-23 20:10:17', '2019-10-26 11:21:51', null, '1');

-- ----------------------------
-- Table structure for menu_list
-- ----------------------------
DROP TABLE IF EXISTS `menu_list`;
CREATE TABLE `menu_list` (
  `menuid` int(10) NOT NULL AUTO_INCREMENT,
  `par_menu_name` varchar(255) DEFAULT NULL COMMENT '父菜单名称',
  `par_menu_url` varchar(255) DEFAULT NULL COMMENT '父菜单url',
  `child_menu_name` varchar(255) DEFAULT NULL COMMENT '子菜单名称',
  `child_menu_url` varchar(255) DEFAULT NULL COMMENT '子菜单url',
  `product` int(10) DEFAULT '1' COMMENT '生产商',
  `steel_cord` int(10) DEFAULT '0' COMMENT '钢帘线',
  `sbr_rubber` int(10) DEFAULT '0' COMMENT '合成橡胶_丁苯橡胶',
  `cis_rubber` int(10) DEFAULT '0' COMMENT '合成橡胶_顺丁橡胶',
  `nylon_cord` int(10) DEFAULT '0' COMMENT '尼龙帘布',
  `bead_wire` int(10) DEFAULT '0' COMMENT '胎圈钢丝',
  `carbon_black` int(10) DEFAULT '0' COMMENT '炭黑',
  `natural_rubber` int(10) DEFAULT '0' COMMENT '天然橡胶',
  `tyre_produce_meridian` int(10) DEFAULT '0' COMMENT '子午线轮胎',
  `tyre_produce_tappe` int(10) DEFAULT '0' COMMENT '斜交线轮胎生产',
  `recla_rubber` int(10) DEFAULT '0' COMMENT '再生胶',
  `inserttime` timestamp NULL DEFAULT CURRENT_TIMESTAMP ON UPDATE CURRENT_TIMESTAMP COMMENT '插入时间',
  PRIMARY KEY (`menuid`)
) ENGINE=InnoDB AUTO_INCREMENT=17 DEFAULT CHARSET=utf8;

-- ----------------------------
-- Records of menu_list
-- ----------------------------
INSERT INTO `menu_list` VALUES ('1', '用户管理', '#', '用户信息', '/sys/find_all_user', '1', '0', '0', '0', '0', '0', '0', '0', '0', '0', '0', '2019-03-04 21:04:38');
INSERT INTO `menu_list` VALUES ('2', '用户管理', '#', '密码管理', '#', '0', '0', '0', '0', '0', '0', '0', '0', '0', '0', '0', '2019-10-26 14:30:16');
INSERT INTO `menu_list` VALUES ('3', '厂商信息', '#', '供应商', '/firm/find_all_suppliers', '1', '0', '0', '0', '0', '0', '0', '0', '0', '0', '0', '2019-03-04 20:59:04');
INSERT INTO `menu_list` VALUES ('4', '厂商信息', '#', '回收商', '/firm/find_all_recyclers', '1', '0', '0', '0', '0', '0', '0', '0', '0', '0', '0', '2019-03-04 20:59:00');
INSERT INTO `menu_list` VALUES ('5', '基础数据库', '#', '基础数据', '/resource/find_all_data', '1', '0', '0', '0', '0', '0', '0', '0', '0', '0', '0', '2019-11-02 11:54:15');
INSERT INTO `menu_list` VALUES ('6', '原料生产及运输', '#', '合成橡胶（丁苯橡胶）', '/product/find_all_sbr', '1', '0', '1', '0', '0', '0', '0', '0', '0', '0', '0', '2019-11-13 19:57:00');
INSERT INTO `menu_list` VALUES ('7', '原料生产及运输', '#', '合成橡胶（顺丁橡胶）', '/product/find_all_cis', '1', '0', '0', '1', '0', '0', '0', '0', '0', '0', '0', '2019-11-13 19:57:05');
INSERT INTO `menu_list` VALUES ('8', '原料生产及运输', '#', '尼龙帘布', '/product/find_all_nylon', '1', '0', '0', '0', '1', '0', '0', '0', '0', '0', '0', '2019-11-13 19:57:08');
INSERT INTO `menu_list` VALUES ('9', '原料生产及运输', '#', '胎圈钢丝', '/product/find_all_beadwire', '1', '0', '0', '0', '0', '1', '0', '0', '0', '0', '0', '2019-11-13 19:57:11');
INSERT INTO `menu_list` VALUES ('10', '原料生产及运输', '#', '炭黑', '/product/find_all_carbon', '1', '0', '0', '0', '0', '0', '1', '0', '0', '0', '0', '2019-11-13 19:57:14');
INSERT INTO `menu_list` VALUES ('11', '原料生产及运输', '#', '天然橡胶', '/product/find_all_nr', '1', '0', '0', '0', '0', '0', '0', '1', '0', '0', '0', '2019-11-13 19:57:19');
INSERT INTO `menu_list` VALUES ('12', '轮胎生产及运输', '#', '子午线轮胎生产', '/product/find_all_mtyre', '1', '0', '0', '0', '0', '0', '0', '0', '1', '0', '0', '2019-11-13 19:57:23');
INSERT INTO `menu_list` VALUES ('13', '轮胎生产及运输', '#', '斜交线轮胎生产', '/product/find_all_ttyre', '1', '0', '0', '0', '0', '0', '0', '0', '0', '1', '0', '2019-11-13 19:57:28');
INSERT INTO `menu_list` VALUES ('14', '轮胎回收', '#', '再生胶', '/product/find_all_rr', '1', '0', '0', '0', '0', '0', '0', '0', '0', '0', '1', '2019-11-13 19:57:33');
INSERT INTO `menu_list` VALUES ('15', '原料生产及运输', '#', '钢帘线', '/product/find_all_steel', '1', '1', '0', '0', '0', '0', '0', '0', '0', '0', '0', '2019-11-13 19:57:37');
INSERT INTO `menu_list` VALUES ('16', '轮胎产品生命周期数据库', '#', '生命周期数据库', 'http://www.jiujiuchen.cn:8080/renren-admin/login.html', '1', '0', '0', '0', '0', '0', '0', '0', '0', '0', '0', '2019-10-26 12:26:06');

-- ----------------------------
-- Table structure for pro_category
-- ----------------------------
DROP TABLE IF EXISTS `pro_category`;
CREATE TABLE `pro_category` (
  `id` int(10) NOT NULL AUTO_INCREMENT COMMENT '种类id',
  `category_id` varchar(255) DEFAULT NULL,
  `classify_id` varchar(255) NOT NULL COMMENT '分类id',
  `category_name` varchar(255) NOT NULL COMMENT '分类名字',
  `unit` varchar(255) NOT NULL DEFAULT '' COMMENT '单位',
  `desc` text COMMENT '描述',
  `steel_cord` int(10) NOT NULL DEFAULT '0' COMMENT '钢帘线',
  `sbr_rubber` int(10) NOT NULL DEFAULT '0' COMMENT '合成橡胶（丁苯橡胶）',
  `cis_rubber` int(10) NOT NULL DEFAULT '0' COMMENT '合成橡胶（顺丁橡胶）',
  `nylon_cord` int(10) unsigned NOT NULL DEFAULT '0' COMMENT '尼龙帘布',
  `bead_wire` int(10) NOT NULL DEFAULT '0' COMMENT '胎圈钢丝',
  `carbon_black` int(10) NOT NULL DEFAULT '0' COMMENT '炭黑',
  `natural_rubber` int(10) NOT NULL DEFAULT '0' COMMENT '天然橡胶',
  `tyre_produce_tappe` int(10) NOT NULL DEFAULT '0' COMMENT '轮胎生产斜交线',
  `tyre_produce_meridian` int(10) NOT NULL DEFAULT '0' COMMENT '轮胎生产子午线',
  `recla_rubber` int(10) NOT NULL DEFAULT '0' COMMENT '再生胶',
  `insert_time` datetime DEFAULT CURRENT_TIMESTAMP ON UPDATE CURRENT_TIMESTAMP,
  PRIMARY KEY (`id`) USING BTREE
) ENGINE=InnoDB AUTO_INCREMENT=323 DEFAULT CHARSET=utf8 ROW_FORMAT=DYNAMIC;

-- ----------------------------
-- Records of pro_category
-- ----------------------------
INSERT INTO `pro_category` VALUES ('1', '1', '1', '钢帘线', 't', null, '1', '0', '0', '0', '0', '0', '0', '0', '0', '0', '2018-12-01 17:22:31');
INSERT INTO `pro_category` VALUES ('2', '2', '2', '盘条', 't', null, '1', '0', '0', '0', '0', '0', '0', '0', '0', '0', '2018-12-01 17:22:36');
INSERT INTO `pro_category` VALUES ('3', '3', '2', '硫酸', 't', null, '1', '0', '0', '0', '0', '0', '0', '0', '0', '0', '2018-12-11 17:09:34');
INSERT INTO `pro_category` VALUES ('4', '4', '2', '盐酸', 't', null, '1', '0', '0', '0', '0', '0', '0', '0', '0', '0', '2018-12-11 17:10:03');
INSERT INTO `pro_category` VALUES ('5', '5', '2', '镀液（含铜盐溶液）', 't', null, '1', '0', '0', '0', '0', '0', '0', '0', '0', '0', '2018-12-11 17:10:35');
INSERT INTO `pro_category` VALUES ('6', '6', '2', '镀液（含锌盐溶液）', 't', null, '1', '0', '0', '0', '0', '0', '0', '0', '0', '0', '2019-01-05 17:33:01');
INSERT INTO `pro_category` VALUES ('7', '7', '3', '单位产品新鲜水消耗量', 'm3/t', null, '1', '0', '0', '0', '0', '0', '0', '0', '0', '0', '2019-11-02 10:18:57');
INSERT INTO `pro_category` VALUES ('11', '11', '6', '废气排放量', 'm3', null, '1', '0', '0', '0', '0', '0', '0', '0', '0', '0', '2019-01-05 16:27:39');
INSERT INTO `pro_category` VALUES ('12', '12', '6', '烟尘', 'mg/m3', null, '1', '0', '0', '0', '0', '0', '0', '0', '0', '0', '2019-01-05 16:27:39');
INSERT INTO `pro_category` VALUES ('13', '13', '6', 'SO2', 'mg/m3', null, '1', '0', '0', '0', '0', '0', '0', '0', '0', '0', '2019-01-05 16:27:39');
INSERT INTO `pro_category` VALUES ('14', '14', '6', 'NOX', 'mg/m3', null, '1', '0', '0', '0', '0', '0', '0', '0', '0', '0', '2019-01-05 16:27:39');
INSERT INTO `pro_category` VALUES ('15', '15', '6', 'NH3', 'mg/m3', null, '1', '0', '0', '0', '0', '0', '0', '0', '0', '0', '2019-01-05 16:27:39');
INSERT INTO `pro_category` VALUES ('16', '16', '6', '臭气', 'mg/m3', null, '1', '0', '0', '0', '0', '0', '0', '0', '0', '0', '2019-01-05 16:27:39');
INSERT INTO `pro_category` VALUES ('18', '18', '6', 'HCl', 'mg/m3', null, '1', '0', '0', '0', '0', '0', '0', '0', '0', '0', '2019-01-05 16:27:39');
INSERT INTO `pro_category` VALUES ('19', '19', '6', '硫酸雾', 'mg/m3', null, '1', '0', '0', '0', '0', '0', '0', '0', '0', '0', '2019-01-05 16:27:39');
INSERT INTO `pro_category` VALUES ('21', '21', '7', '废水排放量', 'L', null, '1', '0', '0', '0', '0', '0', '0', '0', '0', '0', '2019-01-05 16:28:13');
INSERT INTO `pro_category` VALUES ('22', '22', '7', 'pH', '无量纲', null, '1', '0', '0', '0', '0', '0', '0', '0', '0', '0', '2019-01-05 16:28:13');
INSERT INTO `pro_category` VALUES ('23', '23', '7', 'COD', 'mg/L', null, '1', '0', '0', '0', '0', '0', '0', '0', '0', '0', '2019-01-05 16:28:13');
INSERT INTO `pro_category` VALUES ('24', '24', '7', 'SS', 'mg/L', null, '1', '0', '0', '0', '0', '0', '0', '0', '0', '0', '2019-01-05 16:28:13');
INSERT INTO `pro_category` VALUES ('25', '25', '7', '总铜', 'mg/L', null, '1', '0', '0', '0', '0', '0', '0', '0', '0', '0', '2019-01-05 16:28:13');
INSERT INTO `pro_category` VALUES ('26', '26', '7', '总锌', 'mg/L', null, '1', '0', '0', '0', '0', '0', '0', '0', '0', '0', '2019-01-05 16:28:13');
INSERT INTO `pro_category` VALUES ('27', '27', '7', 'NH3-N', 'mg/L', null, '1', '0', '0', '0', '0', '0', '0', '0', '0', '0', '2019-01-05 16:28:13');
INSERT INTO `pro_category` VALUES ('28', '28', '7', 'TP', 'mg/L', null, '1', '0', '0', '0', '0', '0', '0', '0', '0', '0', '2019-01-05 16:28:13');
INSERT INTO `pro_category` VALUES ('29', '29', '7', '石油类', 'mg/L', null, '1', '0', '0', '0', '0', '0', '0', '0', '0', '0', '2019-01-05 16:28:13');
INSERT INTO `pro_category` VALUES ('35', '35', '7', '总氮', 'mg/L', null, '1', '0', '0', '0', '0', '0', '0', '0', '0', '0', '2019-01-05 16:28:13');
INSERT INTO `pro_category` VALUES ('40', '40', '7', '总铁', 'mg/L', null, '1', '0', '0', '0', '0', '0', '0', '0', '0', '0', '2019-01-05 16:28:13');
INSERT INTO `pro_category` VALUES ('41', '41', '7', '总氰化物（以CN-计）', 'mg/L', null, '1', '0', '0', '0', '0', '0', '0', '0', '0', '0', '2019-01-05 16:28:13');
INSERT INTO `pro_category` VALUES ('42', '42', '8', '酸渣酸泥', 't', null, '1', '0', '0', '0', '0', '0', '0', '0', '0', '0', '2018-12-11 17:34:55');
INSERT INTO `pro_category` VALUES ('43', '43', '8', '残余废酸', 't', null, '1', '0', '0', '0', '0', '0', '0', '0', '0', '0', '2018-12-11 17:35:29');
INSERT INTO `pro_category` VALUES ('47', '47', '1', '合成橡胶-丁苯橡胶', 't', null, '0', '1', '0', '0', '0', '0', '0', '0', '0', '0', '2018-12-12 20:43:24');
INSERT INTO `pro_category` VALUES ('48', '48', '2', '丁二烯', 't', null, '0', '1', '0', '0', '0', '0', '0', '0', '0', '0', '2018-12-12 20:43:48');
INSERT INTO `pro_category` VALUES ('49', '49', '2', '苯乙烯', 't', null, '0', '1', '0', '0', '0', '0', '0', '0', '0', '0', '2018-12-12 20:44:11');
INSERT INTO `pro_category` VALUES ('50', '50', '3', '单位产品新鲜水消耗量', 'm3/t', null, '0', '1', '0', '0', '0', '0', '0', '0', '0', '0', '2019-11-02 10:18:57');
INSERT INTO `pro_category` VALUES ('55', '55', '6', '废气排放量', 'm3', null, '0', '1', '0', '0', '0', '0', '0', '0', '0', '0', '2018-12-12 20:55:29');
INSERT INTO `pro_category` VALUES ('56', '56', '6', '苯乙烯', 'mg/m3', null, '0', '1', '0', '0', '0', '0', '0', '0', '0', '0', '2018-12-12 20:55:30');
INSERT INTO `pro_category` VALUES ('57', '57', '6', '非甲烷烃', 'mg/m3', null, '0', '1', '0', '0', '0', '0', '0', '0', '0', '0', '2018-12-12 20:55:32');
INSERT INTO `pro_category` VALUES ('58', '58', '6', 'NOx', 'mg/m3', null, '0', '1', '0', '0', '0', '0', '0', '0', '0', '0', '2018-12-12 20:55:34');
INSERT INTO `pro_category` VALUES ('59', '59', '7', '废水排放量', 'L', null, '0', '1', '0', '0', '0', '0', '0', '0', '0', '0', '2018-12-12 20:55:36');
INSERT INTO `pro_category` VALUES ('60', '60', '7', 'BOD5', 'mg/L', null, '0', '1', '0', '0', '0', '0', '0', '0', '0', '0', '2018-12-12 20:55:41');
INSERT INTO `pro_category` VALUES ('61', '61', '7', 'CODcr', 'mg/L', null, '0', '1', '0', '0', '0', '0', '0', '0', '0', '0', '2019-01-05 17:23:09');
INSERT INTO `pro_category` VALUES ('62', '62', '7', 'SS', 'mg/L', null, '0', '1', '0', '0', '0', '0', '0', '0', '0', '0', '2018-12-12 20:55:55');
INSERT INTO `pro_category` VALUES ('63', '63', '7', 'NH3-N', 'mg/L', null, '0', '1', '0', '0', '0', '0', '0', '0', '0', '0', '2018-12-12 20:56:17');
INSERT INTO `pro_category` VALUES ('64', '64', '7', 'TN', 'mg/L', null, '0', '1', '0', '0', '0', '0', '0', '0', '0', '0', '2018-12-12 20:56:19');
INSERT INTO `pro_category` VALUES ('65', '65', '7', 'TP', 'mg/L', null, '0', '1', '0', '0', '0', '0', '0', '0', '0', '0', '2018-12-12 20:56:21');
INSERT INTO `pro_category` VALUES ('66', '66', '7', '石油类', 'mg/L', null, '0', '1', '0', '0', '0', '0', '0', '0', '0', '0', '2018-12-12 20:56:23');
INSERT INTO `pro_category` VALUES ('70', '70', '1', '合成橡胶-顺丁橡胶', 't', null, '0', '0', '1', '0', '0', '0', '0', '0', '0', '0', '2018-12-12 20:59:42');
INSERT INTO `pro_category` VALUES ('71', '71', '2', '丁二烯', 't', null, '0', '0', '1', '0', '0', '0', '0', '0', '0', '0', '2018-12-12 21:00:08');
INSERT INTO `pro_category` VALUES ('72', '72', '3', '单位产品新鲜水消耗量', 'm3/t', null, '0', '0', '1', '0', '0', '0', '0', '0', '0', '0', '2019-11-02 10:18:57');
INSERT INTO `pro_category` VALUES ('77', '77', '6', '废气排放量', 'm3', null, '0', '0', '1', '0', '0', '0', '0', '0', '0', '0', '2018-12-12 21:02:41');
INSERT INTO `pro_category` VALUES ('78', '78', '6', '非甲烷总烃', 'mg/m3', null, '0', '0', '1', '0', '0', '0', '0', '0', '0', '0', '2019-01-05 17:17:47');
INSERT INTO `pro_category` VALUES ('79', '79', '6', '丁二烯', 'mg/m3', null, '0', '0', '1', '0', '0', '0', '0', '0', '0', '0', '2019-01-05 17:18:24');
INSERT INTO `pro_category` VALUES ('80', '80', '7', '废水排放量', 'L', null, '0', '0', '1', '0', '0', '0', '0', '0', '0', '0', '2018-12-12 21:05:18');
INSERT INTO `pro_category` VALUES ('81', '81', '7', 'BOD5', 'mg/L', null, '0', '0', '1', '0', '0', '0', '0', '0', '0', '0', '2018-12-12 21:04:30');
INSERT INTO `pro_category` VALUES ('82', '82', '7', 'CODcr', 'mg/L', null, '0', '0', '1', '0', '0', '0', '0', '0', '0', '0', '2019-01-05 17:19:09');
INSERT INTO `pro_category` VALUES ('83', '83', '7', 'SS', 'mg/L', null, '0', '0', '1', '0', '0', '0', '0', '0', '0', '0', '2018-12-12 21:05:45');
INSERT INTO `pro_category` VALUES ('84', '84', '7', '苯', 'mg/L', null, '0', '0', '1', '0', '0', '0', '0', '0', '0', '0', '2018-12-12 21:05:51');
INSERT INTO `pro_category` VALUES ('89', '89', '1', '尼龙帘布', 't', null, '0', '0', '0', '1', '0', '0', '0', '0', '0', '0', '2018-12-12 21:09:33');
INSERT INTO `pro_category` VALUES ('90', '90', '2', '聚己内酰胺', 't', null, '0', '0', '0', '1', '0', '0', '0', '0', '0', '0', '2018-12-12 21:10:09');
INSERT INTO `pro_category` VALUES ('91', '91', '2', '己二酸', 't', null, '0', '0', '0', '1', '0', '0', '0', '0', '0', '0', '2018-12-12 21:10:32');
INSERT INTO `pro_category` VALUES ('92', '92', '2', '防老剂', 't', null, '0', '0', '0', '1', '0', '0', '0', '0', '0', '0', '2018-12-12 21:11:03');
INSERT INTO `pro_category` VALUES ('93', '93', '3', '单位产品新鲜水消耗量', 'm3/t', null, '0', '0', '0', '1', '0', '0', '0', '0', '0', '0', '2019-11-02 10:18:57');
INSERT INTO `pro_category` VALUES ('97', '97', '6', '废气排放量', 'm3', null, '0', '0', '0', '1', '0', '0', '0', '0', '0', '0', '2018-12-12 21:13:57');
INSERT INTO `pro_category` VALUES ('98', '98', '6', '颗粒物', 'mg/m3', null, '0', '0', '0', '1', '0', '0', '0', '0', '0', '0', '2019-01-05 17:29:59');
INSERT INTO `pro_category` VALUES ('99', '99', '6', '非甲烷总烃', 'mg/m3', null, '0', '0', '0', '1', '0', '0', '0', '0', '0', '0', '2018-12-12 21:14:02');
INSERT INTO `pro_category` VALUES ('100', '100', '7', '废水排放量', 'L', null, '0', '0', '0', '1', '0', '0', '0', '0', '0', '0', '2018-12-12 21:16:46');
INSERT INTO `pro_category` VALUES ('101', '101', '7', 'COD', 'mg/L', null, '0', '0', '0', '1', '0', '0', '0', '0', '0', '0', '2018-12-12 21:16:49');
INSERT INTO `pro_category` VALUES ('102', '102', '7', 'NH3-N', 'mg/L', null, '0', '0', '0', '1', '0', '0', '0', '0', '0', '0', '2018-12-12 21:16:50');
INSERT INTO `pro_category` VALUES ('103', '103', '7', '石油类', 'mg/L', null, '0', '0', '0', '1', '0', '0', '0', '0', '0', '0', '2019-01-05 17:31:56');
INSERT INTO `pro_category` VALUES ('104', '104', '7', 'SS（悬浮物）', 'mg/L', null, '0', '0', '0', '1', '0', '0', '0', '0', '0', '0', '2018-12-12 21:16:54');
INSERT INTO `pro_category` VALUES ('108', '108', '1', '胎圈钢丝', 't', null, '0', '0', '0', '0', '1', '0', '0', '0', '0', '0', '2018-12-12 21:20:37');
INSERT INTO `pro_category` VALUES ('109', '109', '2', '盘条', 't', null, '0', '0', '0', '0', '1', '0', '0', '0', '0', '0', '2018-12-12 21:21:12');
INSERT INTO `pro_category` VALUES ('110', '110', '2', '硫酸', 't', null, '0', '0', '0', '0', '1', '0', '0', '0', '0', '0', '2018-12-12 21:21:30');
INSERT INTO `pro_category` VALUES ('111', '111', '2', '盐酸', 't', null, '0', '0', '0', '0', '1', '0', '0', '0', '0', '0', '2018-12-12 21:21:46');
INSERT INTO `pro_category` VALUES ('112', '112', '2', '含铜镀液', 't', null, '0', '0', '0', '0', '1', '0', '0', '0', '0', '0', '2019-01-05 17:38:05');
INSERT INTO `pro_category` VALUES ('113', '113', '2', '铅', 't', null, '0', '0', '0', '0', '1', '0', '0', '0', '0', '0', '2018-12-12 21:22:20');
INSERT INTO `pro_category` VALUES ('114', '114', '3', '单位产品新鲜水消耗量', 'm3/t', null, '0', '0', '0', '0', '1', '0', '0', '0', '0', '0', '2019-11-02 10:18:57');
INSERT INTO `pro_category` VALUES ('118', '118', '6', '废气排放量', 'm3', null, '0', '0', '0', '0', '1', '0', '0', '0', '0', '0', '2019-01-05 16:27:39');
INSERT INTO `pro_category` VALUES ('119', '119', '6', '颗粒物', 'mg/m3', null, '0', '0', '0', '0', '1', '0', '0', '0', '0', '0', '2019-01-05 17:39:15');
INSERT INTO `pro_category` VALUES ('120', '120', '6', 'SO2', 'mg/m3', null, '0', '0', '0', '0', '1', '0', '0', '0', '0', '0', '2019-01-05 16:27:39');
INSERT INTO `pro_category` VALUES ('121', '121', '6', 'NOX', 'mg/m3', null, '0', '0', '0', '0', '1', '0', '0', '0', '0', '0', '2019-01-05 16:27:39');
INSERT INTO `pro_category` VALUES ('122', '122', '6', 'NH3', 'mg/m3', null, '0', '0', '0', '0', '1', '0', '0', '0', '0', '0', '2019-01-05 16:27:39');
INSERT INTO `pro_category` VALUES ('123', '123', '6', '臭气', 'mg/m3', null, '0', '0', '0', '0', '1', '0', '0', '0', '0', '0', '2019-01-05 16:27:39');
INSERT INTO `pro_category` VALUES ('125', '125', '6', 'HCl', 'mg/m3', null, '0', '0', '0', '0', '1', '0', '0', '0', '0', '0', '2019-01-05 16:27:39');
INSERT INTO `pro_category` VALUES ('126', '126', '6', '硫酸雾', 'mg/m3', null, '0', '0', '0', '0', '1', '0', '0', '0', '0', '0', '2019-01-05 16:27:39');
INSERT INTO `pro_category` VALUES ('128', '128', '6', '二甲苯', 'mg/m3', null, '0', '0', '0', '0', '1', '0', '0', '0', '0', '0', '2019-01-05 16:27:39');
INSERT INTO `pro_category` VALUES ('129', '129', '6', '非甲烷总烃', 'mg/m3', null, '0', '0', '0', '0', '1', '0', '0', '0', '0', '0', '2019-01-05 16:27:39');
INSERT INTO `pro_category` VALUES ('130', '130', '7', '废水排放量', 'L', null, '0', '0', '0', '0', '1', '0', '0', '0', '0', '0', '2019-01-05 16:28:13');
INSERT INTO `pro_category` VALUES ('131', '131', '7', 'pH', '无量纲', null, '0', '0', '0', '0', '1', '0', '0', '0', '0', '0', '2019-01-05 16:28:13');
INSERT INTO `pro_category` VALUES ('132', '132', '7', 'COD', 'mg/L', null, '0', '0', '0', '0', '1', '0', '0', '0', '0', '0', '2019-01-05 16:28:13');
INSERT INTO `pro_category` VALUES ('133', '133', '7', 'SS', 'mg/L', null, '0', '0', '0', '0', '1', '0', '0', '0', '0', '0', '2019-01-05 16:28:13');
INSERT INTO `pro_category` VALUES ('134', '134', '7', '总铜', 'mg/L', null, '0', '0', '0', '0', '1', '0', '0', '0', '0', '0', '2019-01-05 16:28:13');
INSERT INTO `pro_category` VALUES ('135', '135', '7', '总锌', 'mg/L', null, '0', '0', '0', '0', '1', '0', '0', '0', '0', '0', '2019-01-05 16:28:13');
INSERT INTO `pro_category` VALUES ('136', '136', '7', 'NH3-N', 'mg/L', null, '0', '0', '0', '0', '1', '0', '0', '0', '0', '0', '2019-01-05 16:28:13');
INSERT INTO `pro_category` VALUES ('137', '137', '7', 'TP', 'mg/L', null, '0', '0', '0', '0', '1', '0', '0', '0', '0', '0', '2019-01-05 16:28:13');
INSERT INTO `pro_category` VALUES ('138', '138', '7', '石油类', 'mg/L', null, '0', '0', '0', '0', '1', '0', '0', '0', '0', '0', '2019-01-05 16:28:13');
INSERT INTO `pro_category` VALUES ('144', '144', '7', '总氮', 'mg/L', null, '0', '0', '0', '0', '1', '0', '0', '0', '0', '0', '2019-01-05 16:28:13');
INSERT INTO `pro_category` VALUES ('145', '145', '7', '总磷', 'mg/L', null, '0', '0', '0', '0', '1', '0', '0', '0', '0', '0', '2019-01-05 16:28:13');
INSERT INTO `pro_category` VALUES ('149', '149', '7', '总氰化物（以CN-计）', 'mg/L', null, '0', '0', '0', '0', '1', '0', '0', '0', '0', '0', '2019-01-05 16:28:13');
INSERT INTO `pro_category` VALUES ('150', '150', '7', '总铁', 'mg/L', null, '0', '0', '0', '0', '1', '0', '0', '0', '0', '0', '2019-01-05 16:28:13');
INSERT INTO `pro_category` VALUES ('151', '151', '8', '酸渣酸泥', 't', null, '0', '0', '0', '0', '1', '0', '0', '0', '0', '0', '2018-12-12 21:54:03');
INSERT INTO `pro_category` VALUES ('152', '152', '8', '残余废酸', 't', null, '0', '0', '0', '0', '1', '0', '0', '0', '0', '0', '2018-12-12 21:54:06');
INSERT INTO `pro_category` VALUES ('156', '156', '1', '炭黑', 't', null, '0', '0', '0', '0', '0', '1', '0', '0', '0', '0', '2018-12-13 20:16:17');
INSERT INTO `pro_category` VALUES ('157', '157', '2', '煤焦油', 't', null, '0', '0', '0', '0', '0', '1', '0', '0', '0', '0', '2018-12-13 20:16:41');
INSERT INTO `pro_category` VALUES ('158', '158', '2', '乙烯焦油', 't', null, '0', '0', '0', '0', '0', '1', '0', '0', '0', '0', '2018-12-13 20:17:04');
INSERT INTO `pro_category` VALUES ('159', '159', '2', '焦炉煤气', 'm3', null, '0', '0', '0', '0', '0', '1', '0', '0', '0', '0', '2018-12-13 20:17:28');
INSERT INTO `pro_category` VALUES ('160', '160', '3', '单位产品新鲜水消耗量', 'm3/t', null, '0', '0', '0', '0', '0', '1', '0', '0', '0', '0', '2019-11-02 10:18:57');
INSERT INTO `pro_category` VALUES ('164', '164', '6', '废气排放量', 'm3', null, '0', '0', '0', '0', '0', '1', '0', '0', '0', '0', '2018-12-13 20:20:43');
INSERT INTO `pro_category` VALUES ('165', '165', '6', 'SO2', 'mg/m3', null, '0', '0', '0', '0', '0', '1', '0', '0', '0', '0', '2018-12-13 20:21:55');
INSERT INTO `pro_category` VALUES ('166', '166', '6', 'NOx', 'mg/m3', null, '0', '0', '0', '0', '0', '1', '0', '0', '0', '0', '2018-12-13 20:22:26');
INSERT INTO `pro_category` VALUES ('167', '167', '6', '粉尘', 'mg/m3', null, '0', '0', '0', '0', '0', '1', '0', '0', '0', '0', '2018-12-13 20:22:50');
INSERT INTO `pro_category` VALUES ('168', '168', '6', '非甲烷总烃', 'mg/m3', null, '0', '0', '0', '0', '0', '1', '0', '0', '0', '0', '2018-12-13 20:23:17');
INSERT INTO `pro_category` VALUES ('169', '169', '7', '废水排放量', 'L', null, '0', '0', '0', '0', '0', '1', '0', '0', '0', '0', '2018-12-13 20:23:40');
INSERT INTO `pro_category` VALUES ('170', '170', '7', 'COD', 'mg/L', null, '0', '0', '0', '0', '0', '1', '0', '0', '0', '0', '2018-12-13 20:25:23');
INSERT INTO `pro_category` VALUES ('171', '171', '7', 'BOD5', 'mg/L', null, '0', '0', '0', '0', '0', '1', '0', '0', '0', '0', '2018-12-13 20:25:23');
INSERT INTO `pro_category` VALUES ('172', '172', '7', 'NH3-N', 'mg/L', null, '0', '0', '0', '0', '0', '1', '0', '0', '0', '0', '2018-12-13 20:25:24');
INSERT INTO `pro_category` VALUES ('173', '173', '7', 'SS(悬浮物)', 'mg/L', null, '0', '0', '0', '0', '0', '1', '0', '0', '0', '0', '2018-12-13 20:25:25');
INSERT INTO `pro_category` VALUES ('174', '174', '7', '石油类', 'mg/L', null, '0', '0', '0', '0', '0', '1', '0', '0', '0', '0', '2018-12-13 20:25:26');
INSERT INTO `pro_category` VALUES ('178', '178', '1', '天然橡胶-乳标胶', 't', null, '0', '0', '0', '0', '0', '0', '1', '0', '0', '0', '2019-01-05 16:51:50');
INSERT INTO `pro_category` VALUES ('179', '179', '2', '天然胶乳', 't', null, '0', '0', '0', '0', '0', '0', '1', '0', '0', '0', '2018-12-13 20:28:21');
INSERT INTO `pro_category` VALUES ('180', '180', '2', '胶原凝胶', 't', null, '0', '0', '0', '0', '0', '0', '1', '0', '0', '0', '2018-12-13 20:28:53');
INSERT INTO `pro_category` VALUES ('181', '181', '2', '氨水', 't', null, '0', '0', '0', '0', '0', '0', '1', '0', '0', '0', '2018-12-13 20:29:09');
INSERT INTO `pro_category` VALUES ('182', '182', '2', '甲酸', 't', null, '0', '0', '0', '0', '0', '0', '1', '0', '0', '0', '2018-12-13 20:29:27');
INSERT INTO `pro_category` VALUES ('183', '183', '2', '乙酸', 't', null, '0', '0', '0', '0', '0', '0', '1', '0', '0', '0', '2018-12-13 20:29:46');
INSERT INTO `pro_category` VALUES ('184', '184', '3', '新鲜水-凝标胶-生产线', 'm3/t', null, '0', '0', '0', '0', '0', '0', '1', '0', '0', '0', '2019-10-26 11:28:18');
INSERT INTO `pro_category` VALUES ('189', '189', '6', '废气排放量', 'm3', null, '0', '0', '0', '0', '0', '0', '1', '0', '0', '0', '2018-12-13 20:32:29');
INSERT INTO `pro_category` VALUES ('190', '190', '6', 'SO2', 'mg/m3', null, '0', '0', '0', '0', '0', '0', '1', '0', '0', '0', '2019-02-23 15:42:01');
INSERT INTO `pro_category` VALUES ('191', '191', '6', 'NOx', 'mg/m3', null, '0', '0', '0', '0', '0', '0', '1', '0', '0', '0', '2018-12-13 20:34:42');
INSERT INTO `pro_category` VALUES ('192', '192', '6', '颗粒物', 'mg/m3', null, '0', '0', '0', '0', '0', '0', '1', '0', '0', '0', '2019-01-05 17:15:58');
INSERT INTO `pro_category` VALUES ('193', '193', '6', 'NH3', 'mg/m3', null, '0', '0', '0', '0', '0', '0', '1', '0', '0', '0', '2018-12-13 20:34:44');
INSERT INTO `pro_category` VALUES ('194', '194', '6', '恶臭', 'mg/m3', null, '0', '0', '0', '0', '0', '0', '1', '0', '0', '0', '2019-01-05 17:56:09');
INSERT INTO `pro_category` VALUES ('195', '195', '7', '废水排放量', 'L', null, '0', '0', '0', '0', '0', '0', '1', '0', '0', '0', '2018-12-13 20:37:31');
INSERT INTO `pro_category` VALUES ('196', '196', '7', 'COD', 'mg/L', null, '0', '0', '0', '0', '0', '0', '1', '0', '0', '0', '2018-12-13 20:37:34');
INSERT INTO `pro_category` VALUES ('197', '197', '7', 'BOD5 ', 'mg/L', null, '0', '0', '0', '0', '0', '0', '1', '0', '0', '0', '2018-12-13 20:37:36');
INSERT INTO `pro_category` VALUES ('198', '198', '7', 'NH3-N', 'mg/L', null, '0', '0', '0', '0', '0', '0', '1', '0', '0', '0', '2018-12-13 20:37:37');
INSERT INTO `pro_category` VALUES ('199', '199', '7', 'SS', 'mg/L', null, '0', '0', '0', '0', '0', '0', '1', '0', '0', '0', '2018-12-13 20:37:39');
INSERT INTO `pro_category` VALUES ('200', '200', '7', 'pH', '无量纲', null, '0', '0', '0', '0', '0', '0', '1', '0', '0', '0', '2018-12-13 20:37:40');
INSERT INTO `pro_category` VALUES ('204', '204', '1', '斜交线轮胎', 't', null, '0', '0', '0', '0', '0', '0', '0', '1', '0', '0', '2019-01-05 17:41:56');
INSERT INTO `pro_category` VALUES ('205', '205', '1', '子午线轮胎', 't', null, '0', '0', '0', '0', '0', '0', '0', '0', '1', '0', '2019-01-05 17:41:53');
INSERT INTO `pro_category` VALUES ('206', '206', '2', '天然橡胶', 't', null, '0', '0', '0', '0', '0', '0', '0', '1', '1', '0', '2019-01-05 17:03:06');
INSERT INTO `pro_category` VALUES ('207', '207', '2', '合成橡胶', 't', null, '0', '0', '0', '0', '0', '0', '0', '1', '1', '0', '2019-01-05 17:03:08');
INSERT INTO `pro_category` VALUES ('208', '208', '2', '炭黑', 't', null, '0', '0', '0', '0', '0', '0', '0', '1', '1', '0', '2019-01-05 17:03:09');
INSERT INTO `pro_category` VALUES ('209', '209', '2', '胎圈钢丝', 't', null, '0', '0', '0', '0', '0', '0', '0', '1', '1', '0', '2019-01-05 17:03:11');
INSERT INTO `pro_category` VALUES ('210', '210', '2', '尼龙帘布', 't', null, '0', '0', '0', '0', '0', '0', '0', '1', '1', '0', '2019-01-05 17:03:13');
INSERT INTO `pro_category` VALUES ('211', '211', '2', '钢帘线', 't', null, '0', '0', '0', '0', '0', '0', '0', '1', '1', '0', '2019-01-05 17:03:17');
INSERT INTO `pro_category` VALUES ('212', '212', '3', '单位产品新鲜水消耗量', 'm3/t', null, '0', '0', '0', '0', '0', '0', '0', '1', '1', '0', '2019-11-02 10:19:13');
INSERT INTO `pro_category` VALUES ('219', '219', '6', '废气排放量', 'm3', null, '0', '0', '0', '0', '0', '0', '0', '1', '1', '0', '2019-01-05 17:03:22');
INSERT INTO `pro_category` VALUES ('220', '220', '6', 'SO2', 'mg/m3', null, '0', '0', '0', '0', '0', '0', '0', '1', '1', '0', '2019-01-05 17:56:03');
INSERT INTO `pro_category` VALUES ('221', '221', '6', '氮氧化合物', 'mg/m3', null, '0', '0', '0', '0', '0', '0', '0', '1', '1', '0', '2019-01-05 17:56:00');
INSERT INTO `pro_category` VALUES ('222', '222', '6', '非甲烷总烃', 'mg/m3', null, '0', '0', '0', '0', '0', '0', '0', '1', '1', '0', '2019-01-05 17:55:57');
INSERT INTO `pro_category` VALUES ('223', '223', '6', '恶臭', 'mg/m3', null, '0', '0', '0', '0', '0', '0', '0', '1', '1', '0', '2019-01-05 17:55:54');
INSERT INTO `pro_category` VALUES ('224', '224', '6', '粉尘', 'mg/m3', null, '0', '0', '0', '0', '0', '0', '0', '1', '1', '0', '2019-01-05 17:55:52');
INSERT INTO `pro_category` VALUES ('225', '225', '8', '废橡胶', 't', null, '0', '0', '0', '0', '0', '0', '0', '1', '1', '0', '2019-01-05 17:03:35');
INSERT INTO `pro_category` VALUES ('226', '226', '8', '燃料废渣', 't', null, '0', '0', '0', '0', '0', '0', '0', '1', '1', '0', '2019-01-05 17:03:40');
INSERT INTO `pro_category` VALUES ('227', '227', '1', '再生胶', 't', null, '0', '0', '0', '0', '0', '0', '0', '0', '0', '1', '2018-12-13 20:53:23');
INSERT INTO `pro_category` VALUES ('228', '228', '2', '废旧轮胎', 't', null, '0', '0', '0', '0', '0', '0', '0', '0', '0', '1', '2018-12-13 20:53:47');
INSERT INTO `pro_category` VALUES ('229', '229', '2', '废旧橡胶', 't', null, '0', '0', '0', '0', '0', '0', '0', '0', '0', '1', '2018-12-13 20:54:05');
INSERT INTO `pro_category` VALUES ('230', '230', '3', '单位产品新鲜水消耗量', 'm3/t', null, '0', '0', '0', '0', '0', '0', '0', '0', '0', '1', '2019-11-02 10:19:13');
INSERT INTO `pro_category` VALUES ('237', '237', '6', '废气排放量', 'm3', null, '0', '0', '0', '0', '0', '0', '0', '0', '0', '1', '2018-12-13 20:57:48');
INSERT INTO `pro_category` VALUES ('238', '238', '6', '颗粒物', 'mg/m3', null, '0', '0', '0', '0', '0', '0', '0', '0', '0', '1', '2018-12-13 20:58:27');
INSERT INTO `pro_category` VALUES ('239', '239', '6', '硫化氢含量', 'mg/m3', null, '0', '0', '0', '0', '0', '0', '0', '0', '0', '1', '2018-12-13 21:01:01');
INSERT INTO `pro_category` VALUES ('240', '240', '6', '非甲烷总烃含量', 'mg/m3', null, '0', '0', '0', '0', '0', '0', '0', '0', '0', '1', '2018-12-13 21:01:02');
INSERT INTO `pro_category` VALUES ('241', '241', '6', '甲苯及二甲苯合计', 'mg/m3', null, '0', '0', '0', '0', '0', '0', '0', '0', '0', '1', '2018-12-13 21:01:10');
INSERT INTO `pro_category` VALUES ('242', '242', '7', '废水排放量', 'L', null, '0', '0', '0', '0', '0', '0', '0', '0', '0', '1', '2018-12-13 21:01:14');
INSERT INTO `pro_category` VALUES ('243', '243', '7', 'COD', 'mg/L', null, '0', '0', '0', '0', '0', '0', '0', '0', '0', '1', '2018-12-13 21:01:44');
INSERT INTO `pro_category` VALUES ('244', '244', '7', '石油类', 'mg/L', null, '0', '0', '0', '0', '0', '0', '0', '0', '0', '1', '2018-12-13 21:02:09');
INSERT INTO `pro_category` VALUES ('245', '245', '1', '天然橡胶-凝标胶', 't', null, '0', '0', '0', '0', '0', '0', '1', '0', '0', '0', '2018-12-13 20:27:28');
INSERT INTO `pro_category` VALUES ('246', '246', '3', '新鲜水-乳标胶-生产线', 'm3/t', null, '0', '0', '0', '0', '0', '0', '1', '0', '0', '0', '2019-10-26 11:28:18');
INSERT INTO `pro_category` VALUES ('247', '247', '5', '无烟煤', 't', null, '1', '1', '1', '1', '1', '1', '1', '1', '1', '1', '2019-01-05 17:03:55');
INSERT INTO `pro_category` VALUES ('248', '248', '5', '烟煤', 't', null, '1', '1', '1', '1', '1', '1', '1', '1', '1', '1', '2019-01-05 17:03:55');
INSERT INTO `pro_category` VALUES ('249', '249', '5', '褐煤', 't', null, '1', '1', '1', '1', '1', '1', '1', '1', '1', '1', '2019-01-05 17:03:55');
INSERT INTO `pro_category` VALUES ('250', '250', '5', '洗精煤', 't', null, '1', '1', '1', '1', '1', '1', '1', '1', '1', '1', '2019-01-05 17:03:55');
INSERT INTO `pro_category` VALUES ('251', '251', '5', '其他洗煤', 't', null, '1', '1', '1', '1', '1', '1', '1', '1', '1', '1', '2019-01-05 17:03:55');
INSERT INTO `pro_category` VALUES ('252', '252', '5', '型煤', 't', null, '1', '1', '1', '1', '1', '1', '1', '1', '1', '1', '2019-01-05 17:03:55');
INSERT INTO `pro_category` VALUES ('253', '253', '5', '煤制品', 't', null, '1', '1', '1', '1', '1', '1', '1', '1', '1', '1', '2019-01-05 17:03:55');
INSERT INTO `pro_category` VALUES ('254', '254', '5', '焦炭', 't', null, '1', '1', '1', '1', '1', '1', '1', '1', '1', '1', '2019-01-05 17:03:55');
INSERT INTO `pro_category` VALUES ('255', '255', '5', '原油', 't', null, '1', '1', '1', '1', '1', '1', '1', '1', '1', '1', '2019-01-05 17:03:55');
INSERT INTO `pro_category` VALUES ('256', '256', '5', '燃料油', 't', null, '1', '1', '1', '1', '1', '1', '1', '1', '1', '1', '2019-01-05 17:03:55');
INSERT INTO `pro_category` VALUES ('257', '257', '5', '煤焦油', 't', null, '1', '1', '1', '1', '1', '1', '1', '1', '1', '1', '2019-01-05 17:03:55');
INSERT INTO `pro_category` VALUES ('258', '258', '5', '蒽油', 't', null, '1', '1', '1', '1', '1', '1', '1', '1', '1', '1', '2019-01-05 17:03:55');
INSERT INTO `pro_category` VALUES ('259', '259', '5', '乙烯焦油', 't', null, '1', '1', '1', '1', '1', '1', '1', '1', '1', '1', '2019-01-05 17:03:55');
INSERT INTO `pro_category` VALUES ('260', '260', '5', '汽油', 't', null, '1', '1', '1', '1', '1', '1', '1', '1', '1', '1', '2019-01-05 17:03:55');
INSERT INTO `pro_category` VALUES ('261', '261', '5', '柴油', 't', null, '1', '1', '1', '1', '1', '1', '1', '1', '1', '1', '2019-01-05 17:03:55');
INSERT INTO `pro_category` VALUES ('262', '262', '5', '一般煤油', 't', null, '1', '1', '1', '1', '1', '1', '1', '1', '1', '1', '2019-01-05 17:03:55');
INSERT INTO `pro_category` VALUES ('263', '263', '5', '石油焦', 't', null, '1', '1', '1', '1', '1', '1', '1', '1', '1', '1', '2019-01-05 17:03:55');
INSERT INTO `pro_category` VALUES ('264', '264', '5', '其他石油制品', 't', null, '1', '1', '1', '1', '1', '1', '1', '1', '1', '1', '2019-01-05 17:03:55');
INSERT INTO `pro_category` VALUES ('265', '265', '5', '焦油', 't', null, '1', '1', '1', '1', '1', '1', '1', '1', '1', '1', '2019-01-05 17:03:55');
INSERT INTO `pro_category` VALUES ('267', '267', '5', '液化石油气', 't', null, '1', '1', '1', '1', '1', '1', '1', '1', '1', '1', '2019-01-12 17:00:20');
INSERT INTO `pro_category` VALUES ('268', '268', '5', '粗苯', 'm3', null, '1', '1', '1', '1', '1', '1', '1', '1', '1', '1', '2019-01-05 17:10:40');
INSERT INTO `pro_category` VALUES ('269', '269', '5', '液化天然气', 'm3', null, '1', '1', '1', '1', '1', '1', '1', '1', '1', '1', '2019-01-05 17:10:40');
INSERT INTO `pro_category` VALUES ('270', '270', '5', '天然气', 'm3', null, '1', '1', '1', '1', '1', '1', '1', '1', '1', '1', '2019-01-05 17:10:40');
INSERT INTO `pro_category` VALUES ('271', '271', '5', '焦炉煤气', 'm3', null, '1', '1', '1', '1', '1', '1', '1', '1', '1', '1', '2019-01-05 17:10:40');
INSERT INTO `pro_category` VALUES ('272', '272', '5', '其他煤气', 'm3', null, '1', '1', '1', '1', '1', '1', '1', '1', '1', '1', '2019-01-05 17:10:40');
INSERT INTO `pro_category` VALUES ('273', '273', '5', '沼气', 'm3', null, '1', '1', '1', '1', '1', '1', '1', '1', '1', '1', '2019-01-05 17:10:40');
INSERT INTO `pro_category` VALUES ('274', '274', '5', '炼厂干气', 't', null, '1', '1', '1', '1', '1', '1', '1', '1', '1', '1', '2019-02-23 15:58:34');
INSERT INTO `pro_category` VALUES ('275', '275', '5', '外购热力', 'GJ', null, '1', '1', '1', '1', '1', '1', '1', '1', '1', '1', '2019-10-26 14:25:04');
INSERT INTO `pro_category` VALUES ('276', '276', '5', '电力', 'kwh', null, '1', '1', '1', '1', '1', '1', '1', '1', '1', '1', '2019-01-05 17:10:40');
INSERT INTO `pro_category` VALUES ('277', '277', '7', 'NH3-N', 'mg/L', null, '0', '0', '1', '0', '0', '0', '0', '0', '0', '0', '2019-01-05 17:19:09');
INSERT INTO `pro_category` VALUES ('278', '278', '7', 'TP', 'mg/L', null, '0', '0', '1', '0', '0', '0', '0', '0', '0', '0', '2019-01-05 17:19:09');
INSERT INTO `pro_category` VALUES ('279', '279', '7', '石油类', 'mg/L', null, '0', '0', '1', '0', '0', '0', '0', '0', '0', '0', '2019-01-05 17:19:09');
INSERT INTO `pro_category` VALUES ('280', '280', '2', '蒽油', 't', null, '0', '0', '0', '0', '0', '1', '0', '0', '0', '0', '2018-12-13 20:16:41');
INSERT INTO `pro_category` VALUES ('281', '281', '2', '炭黑油', 't', null, '0', '0', '0', '0', '0', '1', '0', '0', '0', '0', '2018-12-13 20:16:41');
INSERT INTO `pro_category` VALUES ('282', '282', '2', '碳酸钾水溶液', 't', null, '0', '0', '0', '0', '0', '1', '0', '0', '0', '0', '2018-12-13 20:16:41');
INSERT INTO `pro_category` VALUES ('283', '283', '6', '恶臭H2S', 'mg/m3', null, '0', '0', '0', '0', '0', '1', '0', '0', '0', '0', '2018-12-13 20:23:17');
INSERT INTO `pro_category` VALUES ('284', '284', '6', '臭气', '无量纲', null, '0', '0', '0', '0', '0', '1', '0', '0', '0', '0', '2018-12-13 20:23:17');
INSERT INTO `pro_category` VALUES ('285', '285', '2', '丁苯乳胶', 't', null, '0', '0', '0', '1', '0', '0', '0', '0', '0', '0', '2018-12-12 21:10:32');
INSERT INTO `pro_category` VALUES ('286', '286', '6', 'SO2', 'mg/m3', null, '0', '0', '0', '1', '0', '0', '0', '0', '0', '0', '2018-12-12 21:13:59');
INSERT INTO `pro_category` VALUES ('287', '287', '6', '氮氧化物', 'mg/m3', null, '0', '0', '0', '1', '0', '0', '0', '0', '0', '0', '2019-02-23 19:08:40');
INSERT INTO `pro_category` VALUES ('288', '288', '6', '甲醛', 'mg/m3', null, '0', '0', '0', '1', '0', '0', '0', '0', '0', '0', '2018-12-12 21:13:59');
INSERT INTO `pro_category` VALUES ('289', '289', '6', '氨', 'mg/m3', null, '0', '0', '0', '1', '0', '0', '0', '0', '0', '0', '2018-12-12 21:13:59');
INSERT INTO `pro_category` VALUES ('290', '290', '2', '含锡镀液', 't', null, '0', '0', '0', '0', '1', '0', '0', '0', '0', '0', '2018-12-12 21:22:03');
INSERT INTO `pro_category` VALUES ('291', '291', '2', '芳烃油（橡胶软化剂A型，芳烃含量60～85%）', 't', null, '0', '0', '0', '0', '0', '0', '0', '1', '1', '0', '2019-01-05 17:03:09');
INSERT INTO `pro_category` VALUES ('292', '292', '2', '芳烃油（橡胶软化剂N型，芳烃含量50～60%）', 't', null, '0', '0', '0', '0', '0', '0', '0', '1', '1', '0', '2019-01-05 17:45:36');
INSERT INTO `pro_category` VALUES ('294', '294', '2', '间苯二酚', 't', null, '0', '0', '0', '0', '0', '0', '0', '1', '1', '0', '2019-01-05 17:46:45');
INSERT INTO `pro_category` VALUES ('295', '295', '2', '间苯二酚甲醛树脂', 't', null, '0', '0', '0', '0', '0', '0', '0', '0', '0', '0', '2019-01-05 17:47:08');
INSERT INTO `pro_category` VALUES ('296', '296', '6', 'H2S', 'mg/m3', null, '0', '0', '0', '0', '0', '0', '0', '1', '1', '0', '2019-01-05 17:48:42');
INSERT INTO `pro_category` VALUES ('297', '297', '6', '甲苯', 'mg/m3', null, '0', '0', '0', '0', '0', '0', '0', '1', '1', '0', '2019-01-05 17:48:56');
INSERT INTO `pro_category` VALUES ('298', '298', '6', '二甲苯', 'mg/m3', null, '0', '0', '0', '0', '0', '0', '0', '1', '1', '0', '2019-01-05 17:03:29');
INSERT INTO `pro_category` VALUES ('299', '299', '7', '废水排放量', 'L', null, '0', '0', '0', '0', '0', '0', '0', '1', '1', '0', '2019-01-05 17:03:29');
INSERT INTO `pro_category` VALUES ('300', '300', '7', 'COD', 'mg/L', null, '0', '0', '0', '0', '0', '0', '0', '1', '1', '0', '2019-01-05 17:03:29');
INSERT INTO `pro_category` VALUES ('301', '301', '7', 'BOD5', 'mg/L', null, '0', '0', '0', '0', '0', '0', '0', '1', '1', '0', '2019-01-05 17:03:29');
INSERT INTO `pro_category` VALUES ('302', '302', '7', 'SS', 'mg/L', null, '0', '0', '0', '0', '0', '0', '0', '1', '1', '0', '2019-01-05 17:03:29');
INSERT INTO `pro_category` VALUES ('303', '303', '7', 'NH3-N', 'mg/L', null, '0', '0', '0', '0', '0', '0', '0', '1', '1', '0', '2019-01-05 17:03:29');
INSERT INTO `pro_category` VALUES ('304', '304', '7', '总磷', 'mg/L', null, '0', '0', '0', '0', '0', '0', '0', '1', '1', '0', '2019-01-05 17:03:29');
INSERT INTO `pro_category` VALUES ('305', '305', '7', '石油类', 'mg/L', null, '0', '0', '0', '0', '0', '0', '0', '1', '1', '0', '2019-01-05 17:03:29');
INSERT INTO `pro_category` VALUES ('306', '306', '2', '松焦油', 't', null, '0', '0', '0', '0', '0', '0', '0', '0', '0', '1', '2018-12-13 20:53:47');
INSERT INTO `pro_category` VALUES ('307', '307', '2', '松香', 't', null, '0', '0', '0', '0', '0', '0', '0', '0', '0', '1', '2018-12-13 20:53:47');
INSERT INTO `pro_category` VALUES ('308', '308', '2', '轻质碳酸钙', 't', null, '0', '0', '0', '0', '0', '0', '0', '0', '0', '1', '2019-01-05 17:54:02');
INSERT INTO `pro_category` VALUES ('309', '309', '6', '甲苯', 'mg/m3', null, '0', '0', '0', '0', '0', '0', '0', '0', '0', '1', '2018-12-13 21:01:01');
INSERT INTO `pro_category` VALUES ('310', '310', '6', '二甲苯', 'mg/m3', null, '0', '0', '0', '0', '0', '0', '0', '0', '0', '1', '2018-12-13 21:01:01');
INSERT INTO `pro_category` VALUES ('311', '311', '13', '运输至风神数量', 't', null, '1', '1', '1', '1', '1', '1', '1', '1', '1', '0', '2019-02-17 15:04:55');
INSERT INTO `pro_category` VALUES ('312', '312', '13', '运输至风神距离', 'km', null, '1', '1', '1', '1', '1', '1', '1', '1', '1', '0', '2019-02-17 15:04:56');
INSERT INTO `pro_category` VALUES ('313', '313', '13', '装载负荷', 't', null, '1', '1', '1', '1', '1', '1', '1', '1', '1', '0', '2019-02-17 15:04:57');
INSERT INTO `pro_category` VALUES ('314', '314', '13', '是否空载', '无量纲', null, '1', '1', '1', '1', '1', '1', '1', '1', '1', '0', '2019-02-17 15:05:00');
INSERT INTO `pro_category` VALUES ('315', '315', '14', '运输至风神数量', 't', '', '1', '1', '1', '1', '1', '1', '1', '1', '1', '0', '2019-02-17 15:04:55');
INSERT INTO `pro_category` VALUES ('316', '316', '14', '运输至风神距离', 'km', '', '1', '1', '1', '1', '1', '1', '1', '1', '1', '0', '2019-02-17 15:07:21');
INSERT INTO `pro_category` VALUES ('317', '317', '14', '装载负荷', 't', '', '1', '1', '1', '1', '1', '1', '1', '1', '1', '0', '2019-02-17 15:04:57');
INSERT INTO `pro_category` VALUES ('318', '318', '14', '是否空载', '无量纲', '', '1', '1', '1', '1', '1', '1', '1', '1', '1', '0', '2019-02-17 15:05:00');
INSERT INTO `pro_category` VALUES ('319', '319', '15', '运输至风神数量', 't', '', '1', '1', '1', '1', '1', '1', '1', '1', '1', '0', '2019-02-17 15:04:55');
INSERT INTO `pro_category` VALUES ('320', '320', '15', '运输至风神距离', 'km', '', '1', '1', '1', '1', '1', '1', '1', '1', '1', '0', '2019-02-17 15:07:21');
INSERT INTO `pro_category` VALUES ('321', '321', '15', '装载负荷', 't', '', '1', '1', '1', '1', '1', '1', '1', '1', '1', '0', '2019-02-17 15:04:57');
INSERT INTO `pro_category` VALUES ('322', '322', '15', '是否空载', '无量纲', '', '1', '1', '1', '1', '1', '1', '1', '1', '1', '0', '2019-02-17 15:05:00');

-- ----------------------------
-- Table structure for pro_classify
-- ----------------------------
DROP TABLE IF EXISTS `pro_classify`;
CREATE TABLE `pro_classify` (
  `id` int(10) NOT NULL AUTO_INCREMENT COMMENT '分类id',
  `classify_id` varchar(255) NOT NULL,
  `classify_name` varchar(255) NOT NULL COMMENT '分类名字',
  `classify_desc` text,
  `insert_time` datetime DEFAULT CURRENT_TIMESTAMP ON UPDATE CURRENT_TIMESTAMP,
  PRIMARY KEY (`id`)
) ENGINE=InnoDB AUTO_INCREMENT=16 DEFAULT CHARSET=utf8;

-- ----------------------------
-- Records of pro_classify
-- ----------------------------
INSERT INTO `pro_classify` VALUES ('1', '1', '产品产出', '', '2018-12-09 14:32:27');
INSERT INTO `pro_classify` VALUES ('2', '2', '原辅料消耗', null, '2019-01-05 17:24:13');
INSERT INTO `pro_classify` VALUES ('3', '3', '资源消耗水', null, '2019-02-23 14:21:10');
INSERT INTO `pro_classify` VALUES ('4', '4', '资源消耗水', null, '2019-02-23 14:21:14');
INSERT INTO `pro_classify` VALUES ('5', '5', '能源消耗', null, '2018-12-01 17:18:03');
INSERT INTO `pro_classify` VALUES ('6', '6', '废气排放', null, '2018-12-01 17:18:30');
INSERT INTO `pro_classify` VALUES ('7', '7', '废水排放', null, '2018-12-01 17:18:05');
INSERT INTO `pro_classify` VALUES ('8', '8', '固体废弃物', null, '2018-12-01 17:18:06');
INSERT INTO `pro_classify` VALUES ('9', '9', '废气排放-天然气明火炉', '钢帘线和胎圈钢丝专有', '2018-12-01 17:18:06');
INSERT INTO `pro_classify` VALUES ('10', '10', '废气排放-线材酸洗、电镀工序', '钢帘线和胎圈钢丝专有', '2018-12-01 17:18:09');
INSERT INTO `pro_classify` VALUES ('11', '11', '废水排放-酸洗废水', '钢帘线和胎圈钢丝专有', '2018-12-01 17:18:10');
INSERT INTO `pro_classify` VALUES ('12', '12', '废水排放-电镀工序', '钢帘线和胎圈钢丝专有', '2018-12-01 17:18:12');
INSERT INTO `pro_classify` VALUES ('13', '13', '运输过程_海运', null, '2018-12-01 17:18:14');
INSERT INTO `pro_classify` VALUES ('14', '14', '运输过程_陆运', null, '2018-12-01 17:18:17');
INSERT INTO `pro_classify` VALUES ('15', '15', '运输过程_空运', null, '2018-12-01 17:18:22');

-- ----------------------------
-- Table structure for sys_login
-- ----------------------------
DROP TABLE IF EXISTS `sys_login`;
CREATE TABLE `sys_login` (
  `id` int(11) NOT NULL AUTO_INCREMENT,
  `user_id` int(11) NOT NULL,
  `last_login_time` timestamp NULL DEFAULT CURRENT_TIMESTAMP ON UPDATE CURRENT_TIMESTAMP COMMENT '最后登录时间',
  PRIMARY KEY (`id`)
) ENGINE=InnoDB AUTO_INCREMENT=104 DEFAULT CHARSET=utf8mb4;

-- ----------------------------
-- Records of sys_login
-- ----------------------------
INSERT INTO `sys_login` VALUES ('1', '1', '2018-08-03 15:15:05');
INSERT INTO `sys_login` VALUES ('2', '1', '2018-08-03 15:37:20');
INSERT INTO `sys_login` VALUES ('3', '1', '2018-08-03 15:40:14');
INSERT INTO `sys_login` VALUES ('4', '1', '2018-08-03 15:41:50');
INSERT INTO `sys_login` VALUES ('5', '1', '2018-08-03 15:43:45');
INSERT INTO `sys_login` VALUES ('6', '1', '2018-08-03 18:22:09');
INSERT INTO `sys_login` VALUES ('7', '1', '2018-11-18 10:22:22');
INSERT INTO `sys_login` VALUES ('8', '1', '2018-11-18 10:25:40');
INSERT INTO `sys_login` VALUES ('9', '1', '2018-11-18 10:32:47');
INSERT INTO `sys_login` VALUES ('10', '1', '2018-11-18 10:33:20');
INSERT INTO `sys_login` VALUES ('11', '1', '2018-11-18 10:36:32');
INSERT INTO `sys_login` VALUES ('12', '1', '2018-11-18 10:48:28');
INSERT INTO `sys_login` VALUES ('13', '1', '2018-11-18 11:07:31');
INSERT INTO `sys_login` VALUES ('14', '1', '2018-11-18 11:11:53');
INSERT INTO `sys_login` VALUES ('15', '1', '2018-11-18 11:14:23');
INSERT INTO `sys_login` VALUES ('16', '1', '2018-11-18 11:22:52');
INSERT INTO `sys_login` VALUES ('17', '1', '2018-11-18 11:33:34');
INSERT INTO `sys_login` VALUES ('18', '1', '2018-11-18 11:59:47');
INSERT INTO `sys_login` VALUES ('19', '1', '2018-11-18 12:11:54');
INSERT INTO `sys_login` VALUES ('20', '1', '2018-11-19 09:41:15');
INSERT INTO `sys_login` VALUES ('21', '1', '2018-11-19 17:09:33');
INSERT INTO `sys_login` VALUES ('22', '1', '2018-11-21 11:31:21');
INSERT INTO `sys_login` VALUES ('23', '1', '2018-11-21 11:31:22');
INSERT INTO `sys_login` VALUES ('24', '1', '2018-11-21 15:27:51');
INSERT INTO `sys_login` VALUES ('25', '1', '2018-11-21 15:28:05');
INSERT INTO `sys_login` VALUES ('26', '1', '2018-11-21 21:03:33');
INSERT INTO `sys_login` VALUES ('27', '1', '2018-11-21 21:43:58');
INSERT INTO `sys_login` VALUES ('28', '1', '2018-11-21 23:00:53');
INSERT INTO `sys_login` VALUES ('29', '1', '2018-11-22 15:54:35');
INSERT INTO `sys_login` VALUES ('30', '1', '2018-11-22 15:56:07');
INSERT INTO `sys_login` VALUES ('31', '1', '2018-11-22 15:57:33');
INSERT INTO `sys_login` VALUES ('32', '1', '2018-11-22 15:59:10');
INSERT INTO `sys_login` VALUES ('33', '1', '2018-11-22 16:01:03');
INSERT INTO `sys_login` VALUES ('34', '1', '2018-11-22 16:03:18');
INSERT INTO `sys_login` VALUES ('35', '1', '2018-11-22 16:10:03');
INSERT INTO `sys_login` VALUES ('36', '1', '2018-11-22 16:30:58');
INSERT INTO `sys_login` VALUES ('37', '1', '2018-11-22 16:31:48');
INSERT INTO `sys_login` VALUES ('38', '1', '2018-11-22 16:46:48');
INSERT INTO `sys_login` VALUES ('39', '1', '2018-11-22 16:53:56');
INSERT INTO `sys_login` VALUES ('40', '1', '2018-11-22 17:04:53');
INSERT INTO `sys_login` VALUES ('41', '1', '2018-11-22 21:38:33');
INSERT INTO `sys_login` VALUES ('42', '1', '2018-11-22 21:40:57');
INSERT INTO `sys_login` VALUES ('43', '1', '2018-11-22 21:51:32');
INSERT INTO `sys_login` VALUES ('44', '1', '2018-11-22 22:10:52');
INSERT INTO `sys_login` VALUES ('45', '1', '2018-11-22 22:11:21');
INSERT INTO `sys_login` VALUES ('46', '1', '2018-11-22 22:12:46');
INSERT INTO `sys_login` VALUES ('47', '1', '2018-11-22 22:15:15');
INSERT INTO `sys_login` VALUES ('48', '1', '2018-11-22 22:15:52');
INSERT INTO `sys_login` VALUES ('49', '1', '2018-11-22 22:24:33');
INSERT INTO `sys_login` VALUES ('50', '1', '2018-11-22 22:25:47');
INSERT INTO `sys_login` VALUES ('51', '1', '2018-11-22 22:27:15');
INSERT INTO `sys_login` VALUES ('52', '1', '2018-11-22 22:29:26');
INSERT INTO `sys_login` VALUES ('53', '1', '2018-11-22 22:29:54');
INSERT INTO `sys_login` VALUES ('54', '1', '2018-11-22 22:30:04');
INSERT INTO `sys_login` VALUES ('55', '1', '2018-11-22 22:31:25');
INSERT INTO `sys_login` VALUES ('56', '1', '2018-11-22 22:31:29');
INSERT INTO `sys_login` VALUES ('57', '1', '2018-11-22 22:32:31');
INSERT INTO `sys_login` VALUES ('58', '1', '2018-11-22 22:37:38');
INSERT INTO `sys_login` VALUES ('59', '1', '2018-11-24 10:00:33');
INSERT INTO `sys_login` VALUES ('60', '1', '2018-11-24 10:00:38');
INSERT INTO `sys_login` VALUES ('61', '1', '2018-11-24 10:23:35');
INSERT INTO `sys_login` VALUES ('62', '1', '2018-11-24 10:23:39');
INSERT INTO `sys_login` VALUES ('63', '1', '2018-11-24 13:24:27');
INSERT INTO `sys_login` VALUES ('64', '1', '2018-11-24 16:29:48');
INSERT INTO `sys_login` VALUES ('65', '1', '2018-11-24 17:55:33');
INSERT INTO `sys_login` VALUES ('66', '1', '2018-11-25 12:58:34');
INSERT INTO `sys_login` VALUES ('67', '1', '2018-11-25 13:11:28');
INSERT INTO `sys_login` VALUES ('68', '1', '2018-11-28 21:51:07');
INSERT INTO `sys_login` VALUES ('69', '1', '2018-12-01 14:42:46');
INSERT INTO `sys_login` VALUES ('70', '1', '2018-12-01 15:07:40');
INSERT INTO `sys_login` VALUES ('71', '1', '2018-12-01 15:24:48');
INSERT INTO `sys_login` VALUES ('72', '1', '2018-12-01 16:36:21');
INSERT INTO `sys_login` VALUES ('73', '1', '2018-12-01 17:03:54');
INSERT INTO `sys_login` VALUES ('74', '1', '2018-12-01 17:04:01');
INSERT INTO `sys_login` VALUES ('75', '1', '2018-12-02 12:26:11');
INSERT INTO `sys_login` VALUES ('76', '1', '2018-12-02 12:26:21');
INSERT INTO `sys_login` VALUES ('77', '1', '2018-12-02 15:29:06');
INSERT INTO `sys_login` VALUES ('78', '1', '2018-12-02 15:29:29');
INSERT INTO `sys_login` VALUES ('79', '1', '2018-12-02 16:36:30');
INSERT INTO `sys_login` VALUES ('80', '1', '2018-12-02 16:36:48');
INSERT INTO `sys_login` VALUES ('81', '1', '2018-12-02 18:11:49');
INSERT INTO `sys_login` VALUES ('82', '1', '2018-12-02 18:37:37');
INSERT INTO `sys_login` VALUES ('83', '1', '2018-12-03 10:47:18');
INSERT INTO `sys_login` VALUES ('84', '1', '2018-12-03 11:42:00');
INSERT INTO `sys_login` VALUES ('85', '1', '2018-12-03 11:43:07');
INSERT INTO `sys_login` VALUES ('86', '1', '2018-12-03 11:46:15');
INSERT INTO `sys_login` VALUES ('87', '1', '2018-12-03 11:46:38');
INSERT INTO `sys_login` VALUES ('88', '1', '2018-12-03 13:57:30');
INSERT INTO `sys_login` VALUES ('89', '1', '2018-12-03 14:00:30');
INSERT INTO `sys_login` VALUES ('90', '1', '2018-12-03 14:13:25');
INSERT INTO `sys_login` VALUES ('91', '1', '2018-12-03 14:30:16');
INSERT INTO `sys_login` VALUES ('92', '1', '2018-12-03 19:57:59');
INSERT INTO `sys_login` VALUES ('93', '1', '2018-12-03 19:58:24');
INSERT INTO `sys_login` VALUES ('94', '1', '2018-12-03 21:17:21');
INSERT INTO `sys_login` VALUES ('95', '1', '2018-12-03 21:30:14');
INSERT INTO `sys_login` VALUES ('96', '1', '2018-12-04 09:35:28');
INSERT INTO `sys_login` VALUES ('97', '1', '2018-12-04 10:36:12');
INSERT INTO `sys_login` VALUES ('98', '1', '2018-12-04 14:05:23');
INSERT INTO `sys_login` VALUES ('99', '1', '2018-12-04 14:15:49');
INSERT INTO `sys_login` VALUES ('100', '1', '2018-12-04 21:40:58');
INSERT INTO `sys_login` VALUES ('101', '1', '2019-01-05 11:26:26');
INSERT INTO `sys_login` VALUES ('102', '2', '2019-01-05 11:28:38');
INSERT INTO `sys_login` VALUES ('103', '2', '2019-01-05 11:30:01');

-- ----------------------------
-- Table structure for sys_menu
-- ----------------------------
DROP TABLE IF EXISTS `sys_menu`;
CREATE TABLE `sys_menu` (
  `menu_id` int(11) NOT NULL,
  `parent_id` int(11) DEFAULT NULL,
  `menu_name` varchar(50) DEFAULT NULL,
  `menu_url` varchar(50) DEFAULT '#',
  `menu_type` enum('2','1') DEFAULT '2' COMMENT '1 -- 系统菜单，2 -- 业务菜单',
  `menu_icon` varchar(50) DEFAULT '#',
  `sort_num` int(11) DEFAULT '1',
  `user_id` int(11) DEFAULT '1' COMMENT '创建这个菜单的用户id',
  `is_del` int(11) DEFAULT '0' COMMENT '1-- 删除状态，0 -- 正常',
  `update_time` timestamp NULL DEFAULT CURRENT_TIMESTAMP ON UPDATE CURRENT_TIMESTAMP,
  `create_time` datetime DEFAULT NULL,
  PRIMARY KEY (`menu_id`)
) ENGINE=InnoDB DEFAULT CHARSET=utf8mb4;

-- ----------------------------
-- Records of sys_menu
-- ----------------------------
INSERT INTO `sys_menu` VALUES ('1', '0', '系统管理', '#', '1', 'fa fa-gears', '1', '1', '0', '2017-09-08 16:15:24', '2017-09-07 14:52:41');
INSERT INTO `sys_menu` VALUES ('2', '1', '菜单管理', 'menu/list', '1', '#', '1', '1', '0', '2017-09-12 11:28:09', '2017-09-07 14:52:41');
INSERT INTO `sys_menu` VALUES ('3', '1', '角色管理', 'role/list', '1', null, '2', '1', '0', '2017-09-07 17:58:52', '2017-09-07 14:52:41');
INSERT INTO `sys_menu` VALUES ('4', '1', '用户管理', 'user/list', '1', '', '3', '1', '0', '2017-09-12 09:44:48', '2017-09-07 14:52:41');
INSERT INTO `sys_menu` VALUES ('5', '0', '商户管理', '#', '2', 'fa fa-tasks', '2', '1', '0', '2018-07-30 19:12:51', '2017-09-07 14:52:41');
INSERT INTO `sys_menu` VALUES ('6', '5', '商户列表', '/member/list', '2', '', '1', '1', '0', '2018-07-31 14:19:35', '2017-09-07 14:52:41');

-- ----------------------------
-- Table structure for sys_role
-- ----------------------------
DROP TABLE IF EXISTS `sys_role`;
CREATE TABLE `sys_role` (
  `role_id` int(11) NOT NULL AUTO_INCREMENT,
  `role_name` varchar(50) DEFAULT NULL COMMENT '角色名',
  `role_desc` varchar(255) DEFAULT NULL,
  `rights` varchar(255) DEFAULT '0' COMMENT '最大权限的值',
  `add_qx` varchar(255) DEFAULT '0',
  `del_qx` varchar(255) DEFAULT '0',
  `edit_qx` varchar(255) DEFAULT '0',
  `query_qx` varchar(255) DEFAULT '0',
  `user_id` varchar(10) DEFAULT NULL,
  `create_time` timestamp NULL DEFAULT CURRENT_TIMESTAMP ON UPDATE CURRENT_TIMESTAMP,
  PRIMARY KEY (`role_id`)
) ENGINE=InnoDB AUTO_INCREMENT=5 DEFAULT CHARSET=utf8mb4;

-- ----------------------------
-- Records of sys_role
-- ----------------------------
INSERT INTO `sys_role` VALUES ('1', '管理员', '管理员权限', '254', '1', '1', '126', '126', '1', '2018-11-24 17:39:47');
INSERT INTO `sys_role` VALUES ('2', 'tyro', '随便创建的随便创建的随便创建的随便创建的随便创建的随便创建的随便创建的随便创建的随便创建的随便创建的', '5', '2', '1', '4', '126', '1', '2019-01-05 11:29:51');
INSERT INTO `sys_role` VALUES ('3', 'test', '是测试角色这个是测试角色这个是测试角色这个是测试角色这个是测试角色', '382', '382', '382', '382', '126', '1', '2017-09-12 15:39:28');
INSERT INTO `sys_role` VALUES ('4', '查看', '可以查看所有的东西', '126', '0', '0', '0', '126', '1', '2017-09-14 17:17:17');

-- ----------------------------
-- Table structure for sys_user
-- ----------------------------
DROP TABLE IF EXISTS `sys_user`;
CREATE TABLE `sys_user` (
  `user_id` int(11) NOT NULL AUTO_INCREMENT,
  `username` varchar(50) DEFAULT NULL,
  `nick_name` varchar(50) DEFAULT NULL,
  `password` varchar(50) DEFAULT NULL,
  `pic_path` varchar(200) DEFAULT '/images/logo.png',
  `status` enum('unlock','lock') DEFAULT 'unlock',
  `sessionId` varchar(50) DEFAULT NULL,
  `create_time` datetime DEFAULT NULL,
  PRIMARY KEY (`user_id`)
) ENGINE=InnoDB AUTO_INCREMENT=4 DEFAULT CHARSET=utf8mb4;

-- ----------------------------
-- Records of sys_user
-- ----------------------------
INSERT INTO `sys_user` VALUES ('1', 'admin', '管理员', 'd033e22ae348aeb5660fc2140aec35850c4da997', 'http://www.lrshuai.top/upload/user/20170612/05976238.png', 'unlock', 'B7EECAAD284AF6810E3FFDBD21FFCC5C', '2017-08-18 13:57:32');
INSERT INTO `sys_user` VALUES ('2', 'tyro', 'tyro', '481c63e8b904bb8399f1fc1dfdb77cb40842eb6f', '/upload/show/user/82197046.png', 'unlock', 'B7EECAAD284AF6810E3FFDBD21FFCC5C', '2017-09-12 14:03:39');
INSERT INTO `sys_user` VALUES ('3', 'asdf', 'asdf', '3da541559918a808c2402bba5012f6c60b27661c', '/upload/show/user/85610497.png', 'unlock', null, '2017-09-13 14:49:10');

-- ----------------------------
-- Table structure for sys_user_role
-- ----------------------------
DROP TABLE IF EXISTS `sys_user_role`;
CREATE TABLE `sys_user_role` (
  `id` int(11) NOT NULL AUTO_INCREMENT,
  `user_id` int(11) DEFAULT NULL,
  `role_id` int(11) DEFAULT NULL,
  `create_time` timestamp NULL DEFAULT CURRENT_TIMESTAMP ON UPDATE CURRENT_TIMESTAMP,
  PRIMARY KEY (`id`)
) ENGINE=InnoDB AUTO_INCREMENT=14 DEFAULT CHARSET=utf8mb4;

-- ----------------------------
-- Records of sys_user_role
-- ----------------------------
INSERT INTO `sys_user_role` VALUES ('1', '1', '1', '2017-08-18 14:45:43');
INSERT INTO `sys_user_role` VALUES ('2', '2', '3', '2017-09-08 17:12:58');
INSERT INTO `sys_user_role` VALUES ('13', '3', '3', '2017-09-14 14:30:02');

-- ----------------------------
-- Table structure for transport_record
-- ----------------------------
DROP TABLE IF EXISTS `transport_record`;
CREATE TABLE `transport_record` (
  `id` int(11) NOT NULL AUTO_INCREMENT,
  `firm_id` int(10) NOT NULL COMMENT '厂商id',
  `tag_time` int(30) NOT NULL COMMENT '时间标识',
  `category_id` varchar(255) NOT NULL COMMENT '种类id',
  `transport_volume` float(30,5) NOT NULL DEFAULT '0.00000',
  `transport_distance` float(30,5) DEFAULT '0.00000' COMMENT '运输距离',
  `is_load` int(10) NOT NULL DEFAULT '0',
  `applicant` varchar(255) DEFAULT NULL COMMENT '申请人',
  `applicant_time` datetime NOT NULL ON UPDATE CURRENT_TIMESTAMP COMMENT '填报时间',
  PRIMARY KEY (`id`)
) ENGINE=InnoDB DEFAULT CHARSET=utf8;

-- ----------------------------
-- Records of transport_record
-- ----------------------------
